firstdevice,seconddevice,daytimestampFirst,daytimestampFirstID,daytimestampSecond,daytimestampSecondID,cosinesimilarity
13,13,09-19-16-Monday,8,09-19-16-Monday,8,1.0
13,44,09-19-16-Monday,8,09-19-16-Monday,8,0.676539300198
13,34,09-19-16-Monday,8,09-19-16-Monday,8,0.665914083964
13,46,09-19-16-Monday,8,12-19-16-Monday,99,0.664746885252
13,33,09-19-16-Monday,8,10-29-16-Saturday,48,0.662032241296
13,45,09-19-16-Monday,8,10-29-16-Saturday,48,0.649979339489
13,33,09-19-16-Monday,8,10-01-16-Saturday,20,0.607039661458
13,5,09-19-16-Monday,8,09-19-16-Monday,8,0.604273670039
13,66,09-19-16-Monday,8,12-07-16-Wednesday,87,0.600023973472
13,25,09-19-16-Monday,8,10-14-16-Friday,33,0.593871702853
13,34,09-19-16-Monday,8,12-17-16-Saturday,97,0.581664569524
13,13,09-20-16-Tuesday,9,09-20-16-Tuesday,9,1.0
13,18,09-20-16-Tuesday,9,02-13-17-Monday,155,0.894971061454
13,4,09-20-16-Tuesday,9,02-06-17-Monday,148,0.885784702395
13,5,09-20-16-Tuesday,9,12-02-16-Friday,82,0.879139407728
13,44,09-20-16-Tuesday,9,02-09-17-Thursday,151,0.877166437646
13,44,09-20-16-Tuesday,9,01-05-17-Thursday,116,0.870236142979
13,44,09-20-16-Tuesday,9,11-15-16-Tuesday,65,0.869472532815
13,4,09-20-16-Tuesday,9,10-19-16-Wednesday,38,0.867164768276
13,5,09-20-16-Tuesday,9,11-03-16-Thursday,53,0.864679203423
13,6,09-20-16-Tuesday,9,10-05-16-Wednesday,24,0.863837192585
13,18,09-20-16-Tuesday,9,12-23-16-Friday,103,0.862939908616
13,13,09-21-16-Wednesday,10,09-21-16-Wednesday,10,1.0
13,5,09-21-16-Wednesday,10,11-06-16-Sunday,56,0.831588839109
13,11,09-21-16-Wednesday,10,12-14-16-Wednesday,94,0.826282075914
13,13,09-21-16-Wednesday,10,01-26-17-Thursday,137,0.788894524716
13,13,09-21-16-Wednesday,10,09-20-16-Tuesday,9,0.786812553246
13,45,09-21-16-Wednesday,10,12-21-16-Wednesday,101,0.786137211273
13,44,09-21-16-Wednesday,10,02-13-17-Monday,155,0.784902780039
13,67,09-21-16-Wednesday,10,01-01-17-Sunday,112,0.784370194196
13,4,09-21-16-Wednesday,10,09-28-16-Wednesday,17,0.783069318165
13,44,09-21-16-Wednesday,10,01-05-17-Thursday,116,0.782570958358
13,23,09-21-16-Wednesday,10,09-20-16-Tuesday,9,0.778792718968
13,13,09-22-16-Thursday,11,09-22-16-Thursday,11,1.0
13,4,09-22-16-Thursday,11,11-21-16-Monday,71,0.851709813971
13,28,09-22-16-Thursday,11,01-05-17-Thursday,116,0.844198897377
13,28,09-22-16-Thursday,11,10-17-16-Monday,36,0.844166119438
13,44,09-22-16-Thursday,11,12-21-16-Wednesday,101,0.843929557889
13,4,09-22-16-Thursday,11,01-05-17-Thursday,116,0.842474473675
13,13,09-22-16-Thursday,11,09-30-16-Friday,19,0.842379303164
13,13,09-22-16-Thursday,11,11-09-16-Wednesday,59,0.836819700611
13,4,09-22-16-Thursday,11,10-14-16-Friday,33,0.83500832174
13,4,09-22-16-Thursday,11,01-09-17-Monday,120,0.83159551567
13,28,09-22-16-Thursday,11,11-01-16-Tuesday,51,0.828138076958
13,13,09-23-16-Friday,12,09-23-16-Friday,12,1.0
13,69,09-23-16-Friday,12,01-10-17-Tuesday,121,0.870159859022
13,69,09-23-16-Friday,12,12-25-16-Sunday,105,0.855844741549
13,69,09-23-16-Friday,12,12-30-16-Friday,110,0.855489805527
13,69,09-23-16-Friday,12,12-29-16-Thursday,109,0.852067538384
13,69,09-23-16-Friday,12,01-09-17-Monday,120,0.84585245917
13,2,09-23-16-Friday,12,11-20-16-Sunday,70,0.845244633096
13,54,09-23-16-Friday,12,01-21-17-Saturday,132,0.840611358586
13,2,09-23-16-Friday,12,10-31-16-Monday,50,0.838070829227
13,54,09-23-16-Friday,12,01-28-17-Saturday,139,0.837810917997
13,69,09-23-16-Friday,12,01-21-17-Saturday,132,0.837016644636
13,13,09-24-16-Saturday,13,09-24-16-Saturday,13,1.0
13,5,09-24-16-Saturday,13,12-17-16-Saturday,97,0.729656201512
13,7,09-24-16-Saturday,13,01-28-17-Saturday,139,0.716362598172
13,5,09-24-16-Saturday,13,12-31-16-Saturday,111,0.715767068976
13,7,09-24-16-Saturday,13,01-07-17-Saturday,118,0.715393979362
13,5,09-24-16-Saturday,13,12-28-16-Wednesday,108,0.693523976728
13,63,09-24-16-Saturday,13,11-10-16-Thursday,60,0.692465017591
13,7,09-24-16-Saturday,13,02-11-17-Saturday,153,0.691671382367
13,69,09-24-16-Saturday,13,12-17-16-Saturday,97,0.686092782935
13,5,09-24-16-Saturday,13,12-30-16-Friday,110,0.685872586358
13,67,09-24-16-Saturday,13,02-11-17-Saturday,153,0.683038753895
13,13,09-25-16-Sunday,14,09-25-16-Sunday,14,1.0
13,56,09-25-16-Sunday,14,10-14-16-Friday,33,0.999459357747
13,21,09-25-16-Sunday,14,12-03-16-Saturday,83,0.999386400172
13,56,09-25-16-Sunday,14,10-15-16-Saturday,34,0.999371980762
13,56,09-25-16-Sunday,14,11-04-16-Friday,54,0.9993717781
13,13,09-25-16-Sunday,14,11-12-16-Saturday,62,0.999357785351
13,61,09-25-16-Sunday,14,12-10-16-Saturday,90,0.999354255659
13,13,09-25-16-Sunday,14,11-13-16-Sunday,63,0.999325873778
13,39,09-25-16-Sunday,14,12-18-16-Sunday,98,0.999315319333
13,37,09-25-16-Sunday,14,01-03-17-Tuesday,114,0.999314377613
13,13,09-25-16-Sunday,14,10-10-16-Monday,29,0.999306816669
13,13,09-26-16-Monday,15,09-26-16-Monday,15,1.0
13,28,09-26-16-Monday,15,09-29-16-Thursday,18,0.885630788869
13,28,09-26-16-Monday,15,10-20-16-Thursday,39,0.867656507096
13,4,09-26-16-Monday,15,10-11-16-Tuesday,30,0.866953696025
13,4,09-26-16-Monday,15,10-14-16-Friday,33,0.866689496986
13,10,09-26-16-Monday,15,10-12-16-Wednesday,31,0.865492383619
13,28,09-26-16-Monday,15,12-19-16-Monday,99,0.863279697857
13,44,09-26-16-Monday,15,10-03-16-Monday,22,0.851463357187
13,44,09-26-16-Monday,15,09-21-16-Wednesday,10,0.851193272223
13,28,09-26-16-Monday,15,01-04-17-Wednesday,115,0.849004101029
13,28,09-26-16-Monday,15,01-19-17-Thursday,130,0.848359817635
13,13,09-27-16-Tuesday,16,09-27-16-Tuesday,16,1.0
13,13,09-27-16-Tuesday,16,11-10-16-Thursday,60,0.816178730444
13,28,09-27-16-Tuesday,16,11-14-16-Monday,64,0.798129072578
13,4,09-27-16-Tuesday,16,10-14-16-Friday,33,0.783531014307
13,13,09-27-16-Tuesday,16,11-01-16-Tuesday,51,0.7788871029
13,13,09-27-16-Tuesday,16,09-22-16-Thursday,11,0.773740364742
13,13,09-27-16-Tuesday,16,10-14-16-Friday,33,0.772092660225
13,13,09-27-16-Tuesday,16,10-03-16-Monday,22,0.772082679913
13,44,09-27-16-Tuesday,16,11-28-16-Monday,78,0.769143878152
13,28,09-27-16-Tuesday,16,10-31-16-Monday,50,0.761964638935
13,4,09-27-16-Tuesday,16,11-07-16-Monday,57,0.760443311791
13,13,09-28-16-Wednesday,17,09-28-16-Wednesday,17,1.0
13,4,09-28-16-Wednesday,17,02-01-17-Wednesday,143,0.832724954341
13,4,09-28-16-Wednesday,17,02-03-17-Friday,145,0.820105591897
13,46,09-28-16-Wednesday,17,02-03-17-Friday,145,0.81941225562
13,13,09-28-16-Wednesday,17,12-01-16-Thursday,81,0.811133422349
13,36,09-28-16-Wednesday,17,01-12-17-Thursday,123,0.810317495647
13,4,09-28-16-Wednesday,17,11-23-16-Wednesday,73,0.80582991589
13,4,09-28-16-Wednesday,17,11-17-16-Thursday,67,0.805438949522
13,28,09-28-16-Wednesday,17,01-03-17-Tuesday,114,0.801705985324
13,44,09-28-16-Wednesday,17,10-18-16-Tuesday,37,0.800411877652
13,68,09-28-16-Wednesday,17,12-02-16-Friday,82,0.793010864785
13,13,09-29-16-Thursday,18,09-29-16-Thursday,18,1.0
13,4,09-29-16-Thursday,18,10-11-16-Tuesday,30,0.89635231513
13,44,09-29-16-Thursday,18,02-10-17-Friday,152,0.867206114682
13,13,09-29-16-Thursday,18,10-11-16-Tuesday,30,0.864435107466
13,4,09-29-16-Thursday,18,11-21-16-Monday,71,0.863705964546
13,4,09-29-16-Thursday,18,10-14-16-Friday,33,0.862340251933
13,28,09-29-16-Thursday,18,11-01-16-Tuesday,51,0.859261631196
13,13,09-29-16-Thursday,18,11-07-16-Monday,57,0.853837492637
13,28,09-29-16-Thursday,18,11-04-16-Friday,54,0.845357082311
13,28,09-29-16-Thursday,18,10-31-16-Monday,50,0.839849785193
13,28,09-29-16-Thursday,18,11-03-16-Thursday,53,0.839642699697
13,13,09-30-16-Friday,19,09-30-16-Friday,19,1.0
13,28,09-30-16-Friday,19,11-07-16-Monday,57,0.896265047899
13,4,09-30-16-Friday,19,10-20-16-Thursday,39,0.89308637372
13,4,09-30-16-Friday,19,01-30-17-Monday,141,0.888518654673
13,28,09-30-16-Friday,19,11-01-16-Tuesday,51,0.884771215535
13,13,09-30-16-Friday,19,11-30-16-Wednesday,80,0.883386937685
13,13,09-30-16-Friday,19,11-09-16-Wednesday,59,0.882439203241
13,4,09-30-16-Friday,19,01-05-17-Thursday,116,0.88193528716
13,44,09-30-16-Friday,19,10-11-16-Tuesday,30,0.878673008494
13,13,09-30-16-Friday,19,11-17-16-Thursday,67,0.878289055635
13,44,09-30-16-Friday,19,11-15-16-Tuesday,65,0.871114789223
13,13,10-01-16-Saturday,20,10-01-16-Saturday,20,1.0
13,64,10-01-16-Saturday,20,11-16-16-Wednesday,66,0.99968394995
13,15,10-01-16-Saturday,20,11-07-16-Monday,57,0.999662684256
13,64,10-01-16-Saturday,20,10-08-16-Saturday,27,0.999657826178
13,66,10-01-16-Saturday,20,02-11-17-Saturday,153,0.999654350146
13,22,10-01-16-Saturday,20,11-17-16-Thursday,67,0.9996539546
13,26,10-01-16-Saturday,20,09-23-16-Friday,12,0.999653793697
13,9,10-01-16-Saturday,20,10-30-16-Sunday,49,0.999653541967
13,17,10-01-16-Saturday,20,11-19-16-Saturday,69,0.999652282353
13,61,10-01-16-Saturday,20,12-26-16-Monday,106,0.999648650202
13,68,10-01-16-Saturday,20,01-28-17-Saturday,139,0.999648375896
13,13,10-02-16-Sunday,21,10-02-16-Sunday,21,1.0
13,26,10-02-16-Sunday,21,10-16-16-Sunday,35,0.999674905506
13,65,10-02-16-Sunday,21,12-28-16-Wednesday,108,0.999673910321
13,26,10-02-16-Sunday,21,10-07-16-Friday,26,0.999670502958
13,31,10-02-16-Sunday,21,09-24-16-Saturday,13,0.999670485219
13,61,10-02-16-Sunday,21,12-28-16-Wednesday,108,0.999667893683
13,64,10-02-16-Sunday,21,01-09-17-Monday,120,0.99966583802
13,15,10-02-16-Sunday,21,11-22-16-Tuesday,72,0.999665289634
13,37,10-02-16-Sunday,21,12-15-16-Thursday,95,0.999661172416
13,66,10-02-16-Sunday,21,12-18-16-Sunday,98,0.99965906712
13,15,10-02-16-Sunday,21,10-27-16-Thursday,46,0.999654611667
13,13,10-03-16-Monday,22,10-03-16-Monday,22,1.0
13,13,10-03-16-Monday,22,09-22-16-Thursday,11,0.822003785491
13,4,10-03-16-Monday,22,01-05-17-Thursday,116,0.820544865128
13,28,10-03-16-Monday,22,09-21-16-Wednesday,10,0.805344285925
13,28,10-03-16-Monday,22,01-09-17-Monday,120,0.799123518966
13,66,10-03-16-Monday,22,01-13-17-Friday,124,0.790101134631
13,4,10-03-16-Monday,22,11-21-16-Monday,71,0.787288150431
13,44,10-03-16-Monday,22,11-28-16-Monday,78,0.784420663303
13,13,10-03-16-Monday,22,10-19-16-Wednesday,38,0.779536495474
13,4,10-03-16-Monday,22,01-30-17-Monday,141,0.779164214097
13,57,10-03-16-Monday,22,10-20-16-Thursday,39,0.776880825518
13,13,10-04-16-Tuesday,23,10-04-16-Tuesday,23,1.0
13,28,10-04-16-Tuesday,23,12-15-16-Thursday,95,0.79134368603
13,44,10-04-16-Tuesday,23,12-23-16-Friday,103,0.772149676306
13,44,10-04-16-Tuesday,23,02-09-17-Thursday,151,0.76645301421
13,44,10-04-16-Tuesday,23,12-20-16-Tuesday,100,0.759867453336
13,13,10-04-16-Tuesday,23,09-21-16-Wednesday,10,0.748383129692
13,13,10-04-16-Tuesday,23,11-02-16-Wednesday,52,0.747186429464
13,13,10-04-16-Tuesday,23,11-23-16-Wednesday,73,0.746697296101
13,67,10-04-16-Tuesday,23,01-01-17-Sunday,112,0.745254043746
13,44,10-04-16-Tuesday,23,12-16-16-Friday,96,0.736211367728
13,26,10-04-16-Tuesday,23,01-31-17-Tuesday,142,0.734634185948
13,13,10-05-16-Wednesday,24,10-05-16-Wednesday,24,1.0
13,23,10-05-16-Wednesday,24,12-13-16-Tuesday,93,0.995811032546
13,29,10-05-16-Wednesday,24,12-28-16-Wednesday,108,0.995809831273
13,10,10-05-16-Wednesday,24,10-15-16-Saturday,34,0.995776226443
13,6,10-05-16-Wednesday,24,12-29-16-Thursday,109,0.995771412926
13,2,10-05-16-Wednesday,24,12-02-16-Friday,82,0.995769401715
13,19,10-05-16-Wednesday,24,01-28-17-Saturday,139,0.995762896142
13,44,10-05-16-Wednesday,24,10-23-16-Sunday,42,0.995761560895
13,65,10-05-16-Wednesday,24,01-03-17-Tuesday,114,0.99575515563
13,39,10-05-16-Wednesday,24,01-30-17-Monday,141,0.995738763868
13,18,10-05-16-Wednesday,24,10-30-16-Sunday,49,0.995719907104
13,13,10-06-16-Thursday,25,10-06-16-Thursday,25,1.0
13,10,10-06-16-Thursday,25,12-07-16-Wednesday,87,0.803836199737
13,44,10-06-16-Thursday,25,01-09-17-Monday,120,0.790547503148
13,28,10-06-16-Thursday,25,10-20-16-Thursday,39,0.789295826694
13,44,10-06-16-Thursday,25,09-20-16-Tuesday,9,0.788115853388
13,28,10-06-16-Thursday,25,11-18-16-Friday,68,0.782372916728
13,44,10-06-16-Thursday,25,10-25-16-Tuesday,44,0.778697954941
13,36,10-06-16-Thursday,25,11-09-16-Wednesday,59,0.77772535889
13,13,10-06-16-Thursday,25,11-16-16-Wednesday,66,0.777690181999
13,12,10-06-16-Thursday,25,10-12-16-Wednesday,31,0.776363780204
13,28,10-06-16-Thursday,25,10-19-16-Wednesday,38,0.774751203839
13,13,10-07-16-Friday,26,10-07-16-Friday,26,1.0
13,4,10-07-16-Friday,26,01-25-17-Wednesday,136,0.80439987254
13,4,10-07-16-Friday,26,01-09-17-Monday,120,0.794524357662
13,44,10-07-16-Friday,26,10-11-16-Tuesday,30,0.791178724806
13,44,10-07-16-Friday,26,09-30-16-Friday,19,0.788550501234
13,44,10-07-16-Friday,26,10-20-16-Thursday,39,0.785241058816
13,13,10-07-16-Friday,26,10-21-16-Friday,40,0.783670947739
13,26,10-07-16-Friday,26,09-26-16-Monday,15,0.782721504037
13,44,10-07-16-Friday,26,11-30-16-Wednesday,80,0.77383873863
13,70,10-07-16-Friday,26,11-09-16-Wednesday,59,0.772679558326
13,4,10-07-16-Friday,26,11-18-16-Friday,68,0.772100778293
13,13,10-08-16-Saturday,27,10-08-16-Saturday,27,1.0
13,23,10-08-16-Saturday,27,11-29-16-Tuesday,79,0.999629609921
13,61,10-08-16-Saturday,27,01-21-17-Saturday,132,0.999600056764
13,40,10-08-16-Saturday,27,09-25-16-Sunday,14,0.999599948885
13,13,10-08-16-Saturday,27,11-13-16-Sunday,63,0.999594002204
13,66,10-08-16-Saturday,27,12-24-16-Saturday,104,0.999593453683
13,15,10-08-16-Saturday,27,11-22-16-Tuesday,72,0.999586839399
13,66,10-08-16-Saturday,27,12-28-16-Wednesday,108,0.999583028834
13,44,10-08-16-Saturday,27,10-23-16-Sunday,42,0.999581802298
13,18,10-08-16-Saturday,27,12-24-16-Saturday,104,0.999579141264
13,34,10-08-16-Saturday,27,12-29-16-Thursday,109,0.999578261284
13,13,10-09-16-Sunday,28,10-09-16-Sunday,28,1.0
13,9,10-09-16-Sunday,28,10-16-16-Sunday,35,0.999677797044
13,10,10-09-16-Sunday,28,12-30-16-Friday,110,0.999659686371
13,12,10-09-16-Sunday,28,09-25-16-Sunday,14,0.999636095342
13,6,10-09-16-Sunday,28,12-28-16-Wednesday,108,0.999620202129
13,13,10-09-16-Sunday,28,11-12-16-Saturday,62,0.999618057729
13,13,10-09-16-Sunday,28,10-23-16-Sunday,42,0.999615776556
13,54,10-09-16-Sunday,28,11-19-16-Saturday,69,0.999614271889
13,29,10-09-16-Sunday,28,01-14-17-Saturday,125,0.999613645819
13,23,10-09-16-Sunday,28,11-13-16-Sunday,63,0.999611306956
13,37,10-09-16-Sunday,28,12-03-16-Saturday,83,0.999610701725
13,13,10-10-16-Monday,29,10-10-16-Monday,29,1.0
13,66,10-10-16-Monday,29,01-07-17-Saturday,118,0.999593466404
13,13,10-10-16-Monday,29,10-15-16-Saturday,34,0.999572885996
13,9,10-10-16-Monday,29,11-04-16-Friday,54,0.999567966746
13,13,10-10-16-Monday,29,10-23-16-Sunday,42,0.999567625798
13,13,10-10-16-Monday,29,11-13-16-Sunday,63,0.999566033073
13,45,10-10-16-Monday,29,10-16-16-Sunday,35,0.999565361616
13,16,10-10-16-Monday,29,11-13-16-Sunday,63,0.999561512408
13,21,10-10-16-Monday,29,09-28-16-Wednesday,17,0.999561416164
13,37,10-10-16-Monday,29,01-03-17-Tuesday,114,0.999556105021
13,54,10-10-16-Monday,29,11-19-16-Saturday,69,0.99955484704
13,13,10-11-16-Tuesday,30,10-11-16-Tuesday,30,1.0
13,44,10-11-16-Tuesday,30,10-07-16-Friday,26,0.883044223405
13,13,10-11-16-Tuesday,30,09-29-16-Thursday,18,0.864435107466
13,28,10-11-16-Tuesday,30,01-18-17-Wednesday,129,0.853345835211
13,28,10-11-16-Tuesday,30,12-21-16-Wednesday,101,0.851865500747
13,5,10-11-16-Tuesday,30,11-22-16-Tuesday,72,0.851458142017
13,4,10-11-16-Tuesday,30,10-21-16-Friday,40,0.850641888388
13,13,10-11-16-Tuesday,30,11-07-16-Monday,57,0.840453519491
13,28,10-11-16-Tuesday,30,11-21-16-Monday,71,0.839593229253
13,4,10-11-16-Tuesday,30,01-30-17-Monday,141,0.838683123495
13,44,10-11-16-Tuesday,30,12-13-16-Tuesday,93,0.832347202208
13,13,10-12-16-Wednesday,31,10-12-16-Wednesday,31,1.0
13,44,10-12-16-Wednesday,31,01-04-17-Wednesday,115,0.921326666588
13,44,10-12-16-Wednesday,31,12-22-16-Thursday,102,0.902498220286
13,26,10-12-16-Wednesday,31,12-09-16-Friday,89,0.900050077506
13,44,10-12-16-Wednesday,31,10-06-16-Thursday,25,0.875626325738
13,44,10-12-16-Wednesday,31,01-05-17-Thursday,116,0.862525194633
13,13,10-12-16-Wednesday,31,02-13-17-Monday,155,0.854752798232
13,18,10-12-16-Wednesday,31,12-23-16-Friday,103,0.854307214127
13,4,10-12-16-Wednesday,31,10-18-16-Tuesday,37,0.849192465252
13,13,10-12-16-Wednesday,31,10-28-16-Friday,47,0.83891056546
13,28,10-12-16-Wednesday,31,12-09-16-Friday,89,0.837995543096
13,13,10-13-16-Thursday,32,10-13-16-Thursday,32,1.0
13,44,10-13-16-Thursday,32,10-17-16-Monday,36,0.90010846683
13,28,10-13-16-Thursday,32,01-17-17-Tuesday,128,0.891742866113
13,13,10-13-16-Thursday,32,11-17-16-Thursday,67,0.891105750123
13,28,10-13-16-Thursday,32,10-31-16-Monday,50,0.88616705017
13,4,10-13-16-Thursday,32,01-06-17-Friday,117,0.884345104924
13,4,10-13-16-Thursday,32,10-14-16-Friday,33,0.883310058885
13,13,10-13-16-Thursday,32,11-07-16-Monday,57,0.883095441895
13,28,10-13-16-Thursday,32,11-01-16-Tuesday,51,0.881886496534
13,4,10-13-16-Thursday,32,11-25-16-Friday,75,0.876872558795
13,28,10-13-16-Thursday,32,01-03-17-Tuesday,114,0.876614581567
13,13,10-14-16-Friday,33,10-14-16-Friday,33,1.0
13,28,10-14-16-Friday,33,12-20-16-Tuesday,100,0.840211775157
13,28,10-14-16-Friday,33,11-03-16-Thursday,53,0.830188867658
13,13,10-14-16-Friday,33,09-29-16-Thursday,18,0.822380637264
13,4,10-14-16-Friday,33,10-14-16-Friday,33,0.816727136661
13,13,10-14-16-Friday,33,09-22-16-Thursday,11,0.813955911433
13,4,10-14-16-Friday,33,10-11-16-Tuesday,30,0.812917985585
13,28,10-14-16-Friday,33,11-01-16-Tuesday,51,0.801595907891
13,13,10-14-16-Friday,33,11-01-16-Tuesday,51,0.797911631978
13,28,10-14-16-Friday,33,10-17-16-Monday,36,0.790239771268
13,44,10-14-16-Friday,33,11-10-16-Thursday,60,0.789430832446
13,13,10-15-16-Saturday,34,10-15-16-Saturday,34,1.0
13,56,10-15-16-Saturday,34,10-23-16-Sunday,42,0.999619733466
13,61,10-15-16-Saturday,34,10-15-16-Saturday,34,0.999614147513
13,10,10-15-16-Saturday,34,10-09-16-Sunday,28,0.999604981885
13,13,10-15-16-Saturday,34,10-01-16-Saturday,20,0.999603489751
13,26,10-15-16-Saturday,34,09-25-16-Sunday,14,0.999600382943
13,12,10-15-16-Saturday,34,09-25-16-Sunday,14,0.999596164182
13,23,10-15-16-Saturday,34,10-31-16-Monday,50,0.999595732847
13,65,10-15-16-Saturday,34,01-02-17-Monday,113,0.999594510987
13,6,10-15-16-Saturday,34,12-03-16-Saturday,83,0.999594357334
13,12,10-15-16-Saturday,34,09-30-16-Friday,19,0.999592317432
13,13,10-16-16-Sunday,35,10-16-16-Sunday,35,1.0
13,54,10-16-16-Sunday,35,11-19-16-Saturday,69,0.99968956367
13,64,10-16-16-Sunday,35,11-05-16-Saturday,55,0.999678687822
13,61,10-16-16-Sunday,35,12-26-16-Monday,106,0.999675940208
13,68,10-16-16-Sunday,35,12-30-16-Friday,110,0.999663461076
13,12,10-16-16-Sunday,35,10-02-16-Sunday,21,0.999657212663
13,13,10-16-16-Sunday,35,11-19-16-Saturday,69,0.999653310868
13,34,10-16-16-Sunday,35,12-29-16-Thursday,109,0.999650295567
13,43,10-16-16-Sunday,35,01-28-17-Saturday,139,0.999647887464
13,26,10-16-16-Sunday,35,10-22-16-Saturday,41,0.999647482285
13,15,10-16-16-Sunday,35,10-27-16-Thursday,46,0.999646608659
13,13,10-17-16-Monday,36,10-17-16-Monday,36,1.0
13,13,10-17-16-Monday,36,02-02-17-Thursday,144,0.818141166628
13,28,10-17-16-Monday,36,01-04-17-Wednesday,115,0.813550539686
13,44,10-17-16-Monday,36,10-28-16-Friday,47,0.811136778595
13,13,10-17-16-Monday,36,11-07-16-Monday,57,0.805526836805
13,13,10-17-16-Monday,36,01-27-17-Friday,138,0.804337241818
13,4,10-17-16-Monday,36,11-24-16-Thursday,74,0.798358854198
13,28,10-17-16-Monday,36,12-21-16-Wednesday,101,0.794182916816
13,28,10-17-16-Monday,36,01-03-17-Tuesday,114,0.793675508961
13,17,10-17-16-Monday,36,11-17-16-Thursday,67,0.789090953655
13,44,10-17-16-Monday,36,10-07-16-Friday,26,0.783580729018
13,13,10-18-16-Tuesday,37,10-18-16-Tuesday,37,1.0
13,13,10-18-16-Tuesday,37,10-25-16-Tuesday,44,0.838499959795
13,13,10-18-16-Tuesday,37,11-11-16-Friday,61,0.822089045434
13,13,10-18-16-Tuesday,37,10-20-16-Thursday,39,0.79607900578
13,4,10-18-16-Tuesday,37,11-23-16-Wednesday,73,0.779595371844
13,44,10-18-16-Tuesday,37,02-10-17-Friday,152,0.770336670162
13,46,10-18-16-Tuesday,37,02-03-17-Friday,145,0.764735121612
13,13,10-18-16-Tuesday,37,10-17-16-Monday,36,0.764621309542
13,4,10-18-16-Tuesday,37,02-01-17-Wednesday,143,0.751939441678
13,13,10-18-16-Tuesday,37,09-28-16-Wednesday,17,0.741670606327
13,13,10-18-16-Tuesday,37,11-08-16-Tuesday,58,0.738424941867
13,13,10-19-16-Wednesday,38,10-19-16-Wednesday,38,1.0
13,4,10-19-16-Wednesday,38,01-05-17-Thursday,116,0.807044784132
13,28,10-19-16-Wednesday,38,10-13-16-Thursday,32,0.802287314791
13,28,10-19-16-Wednesday,38,10-19-16-Wednesday,38,0.799687714645
13,28,10-19-16-Wednesday,38,01-04-17-Wednesday,115,0.794097318102
13,4,10-19-16-Wednesday,38,01-30-17-Monday,141,0.793394942321
13,4,10-19-16-Wednesday,38,11-07-16-Monday,57,0.791106544377
13,13,10-19-16-Wednesday,38,09-30-16-Friday,19,0.788591364008
13,4,10-19-16-Wednesday,38,11-24-16-Thursday,74,0.785455614291
13,4,10-19-16-Wednesday,38,09-30-16-Friday,19,0.784010511799
13,44,10-19-16-Wednesday,38,12-13-16-Tuesday,93,0.782771676506
13,13,10-20-16-Thursday,39,10-20-16-Thursday,39,1.0
13,4,10-20-16-Thursday,39,11-23-16-Wednesday,73,0.809002328231
13,44,10-20-16-Thursday,39,10-18-16-Tuesday,37,0.797482990383
13,13,10-20-16-Thursday,39,10-18-16-Tuesday,37,0.79607900578
13,13,10-20-16-Thursday,39,02-02-17-Thursday,144,0.782180221124
13,5,10-20-16-Thursday,39,01-13-17-Friday,124,0.781944596962
13,13,10-20-16-Thursday,39,10-25-16-Tuesday,44,0.779936195139
13,44,10-20-16-Thursday,39,12-08-16-Thursday,88,0.779402616204
13,4,10-20-16-Thursday,39,02-01-17-Wednesday,143,0.77932858162
13,44,10-20-16-Thursday,39,02-10-17-Friday,152,0.774310608962
13,38,10-20-16-Thursday,39,11-21-16-Monday,71,0.771021506676
13,13,10-21-16-Friday,40,10-21-16-Friday,40,1.0
13,44,10-21-16-Friday,40,10-11-16-Tuesday,30,0.906437366726
13,28,10-21-16-Friday,40,01-05-17-Thursday,116,0.897603596362
13,4,10-21-16-Friday,40,01-05-17-Thursday,116,0.882771473849
13,5,10-21-16-Friday,40,11-18-16-Friday,68,0.87839469061
13,4,10-21-16-Friday,40,01-25-17-Wednesday,136,0.872158286934
13,44,10-21-16-Friday,40,01-13-17-Friday,124,0.871995033237
13,4,10-21-16-Friday,40,09-30-16-Friday,19,0.867959598179
13,44,10-21-16-Friday,40,10-24-16-Monday,43,0.867643639255
13,56,10-21-16-Friday,40,09-30-16-Friday,19,0.860152266905
13,4,10-21-16-Friday,40,01-09-17-Monday,120,0.859874328775
13,13,10-22-16-Saturday,41,10-22-16-Saturday,41,1.0
13,61,10-22-16-Saturday,41,12-03-16-Saturday,83,0.999629194857
13,34,10-22-16-Saturday,41,12-29-16-Thursday,109,0.999584943559
13,13,10-22-16-Saturday,41,10-16-16-Sunday,35,0.999571035006
13,13,10-22-16-Saturday,41,10-02-16-Sunday,21,0.999570959428
13,6,10-22-16-Saturday,41,11-26-16-Saturday,76,0.999570315414
13,61,10-22-16-Saturday,41,12-26-16-Monday,106,0.999567644743
13,15,10-22-16-Saturday,41,11-22-16-Tuesday,72,0.999566951094
13,13,10-22-16-Saturday,41,11-13-16-Sunday,63,0.99956398881
13,61,10-22-16-Saturday,41,12-18-16-Sunday,98,0.999563795355
13,10,10-22-16-Saturday,41,02-11-17-Saturday,153,0.999562046607
13,13,10-23-16-Sunday,42,10-23-16-Sunday,42,1.0
13,44,10-23-16-Sunday,42,09-25-16-Sunday,14,0.999678848464
13,44,10-23-16-Sunday,42,12-18-16-Sunday,98,0.999661677155
13,10,10-23-16-Sunday,42,12-10-16-Saturday,90,0.999653764983
13,66,10-23-16-Sunday,42,01-07-17-Saturday,118,0.999646836419
13,65,10-23-16-Sunday,42,01-24-17-Tuesday,135,0.999639556572
13,51,10-23-16-Sunday,42,01-03-17-Tuesday,114,0.999638228301
13,66,10-23-16-Sunday,42,12-27-16-Tuesday,107,0.999635063549
13,6,10-23-16-Sunday,42,12-10-16-Saturday,90,0.999634943562
13,65,10-23-16-Sunday,42,02-04-17-Saturday,146,0.99962757863
13,44,10-23-16-Sunday,42,12-29-16-Thursday,109,0.999627451094
13,13,10-24-16-Monday,43,10-24-16-Monday,43,1.0
13,44,10-24-16-Monday,43,12-20-16-Tuesday,100,0.87919859892
13,26,10-24-16-Monday,43,02-13-17-Monday,155,0.873982927429
13,5,10-24-16-Monday,43,02-13-17-Monday,155,0.86286328518
13,61,10-24-16-Monday,43,11-04-16-Friday,54,0.858273257185
13,61,10-24-16-Monday,43,12-23-16-Friday,103,0.857648012426
13,4,10-24-16-Monday,43,09-28-16-Wednesday,17,0.857171742883
13,26,10-24-16-Monday,43,09-29-16-Thursday,18,0.849996711796
13,44,10-24-16-Monday,43,11-15-16-Tuesday,65,0.847515558259
13,5,10-24-16-Monday,43,09-20-16-Tuesday,9,0.847330945862
13,5,10-24-16-Monday,43,12-15-16-Thursday,95,0.845878145524
13,13,10-25-16-Tuesday,44,10-25-16-Tuesday,44,1.0
13,13,10-25-16-Tuesday,44,11-11-16-Friday,61,0.841729670197
13,13,10-25-16-Tuesday,44,10-18-16-Tuesday,37,0.838499959795
13,44,10-25-16-Tuesday,44,12-08-16-Thursday,88,0.784560659719
13,13,10-25-16-Tuesday,44,02-02-17-Thursday,144,0.782590548974
13,13,10-25-16-Tuesday,44,10-20-16-Thursday,39,0.779936195139
13,13,10-25-16-Tuesday,44,09-28-16-Wednesday,17,0.77912257875
13,4,10-25-16-Tuesday,44,02-01-17-Wednesday,143,0.763845835228
13,4,10-25-16-Tuesday,44,01-20-17-Friday,131,0.761432045161
13,5,10-25-16-Tuesday,44,11-30-16-Wednesday,80,0.759769532574
13,56,10-25-16-Tuesday,44,02-07-17-Tuesday,149,0.756590700318
13,13,10-26-16-Wednesday,45,10-26-16-Wednesday,45,1.0
13,44,10-26-16-Wednesday,45,10-20-16-Thursday,39,0.837095514857
13,4,10-26-16-Wednesday,45,01-05-17-Thursday,116,0.807445268245
13,44,10-26-16-Wednesday,45,10-26-16-Wednesday,45,0.801198016938
13,4,10-26-16-Wednesday,45,01-04-17-Wednesday,115,0.801019925323
13,5,10-26-16-Wednesday,45,11-22-16-Tuesday,72,0.800597920985
13,28,10-26-16-Wednesday,45,10-18-16-Tuesday,37,0.793171909348
13,44,10-26-16-Wednesday,45,12-13-16-Tuesday,93,0.785534791482
13,4,10-26-16-Wednesday,45,01-30-17-Monday,141,0.782735863269
13,4,10-26-16-Wednesday,45,09-30-16-Friday,19,0.781828371337
13,44,10-26-16-Wednesday,45,10-11-16-Tuesday,30,0.780144213084
13,13,10-27-16-Thursday,46,10-27-16-Thursday,46,1.0
13,28,10-27-16-Thursday,46,01-19-17-Thursday,130,0.93887362423
13,18,10-27-16-Thursday,46,11-11-16-Friday,61,0.93001656496
13,28,10-27-16-Thursday,46,09-23-16-Friday,12,0.928912814844
13,66,10-27-16-Thursday,46,02-10-17-Friday,152,0.922111048217
13,28,10-27-16-Thursday,46,10-20-16-Thursday,39,0.921909810105
13,18,10-27-16-Thursday,46,10-19-16-Wednesday,38,0.917328571132
13,18,10-27-16-Thursday,46,11-17-16-Thursday,67,0.91727773976
13,18,10-27-16-Thursday,46,10-20-16-Thursday,39,0.915801091145
13,4,10-27-16-Thursday,46,01-30-17-Monday,141,0.91462990792
13,18,10-27-16-Thursday,46,02-10-17-Friday,152,0.913202341316
13,13,10-28-16-Friday,47,10-28-16-Friday,47,1.0
13,13,10-28-16-Friday,47,10-12-16-Wednesday,31,0.83891056546
13,13,10-28-16-Friday,47,12-07-16-Wednesday,87,0.836762294786
13,44,10-28-16-Friday,47,01-04-17-Wednesday,115,0.82526296956
13,13,10-28-16-Friday,47,02-13-17-Monday,155,0.824105996204
13,44,10-28-16-Friday,47,12-20-16-Tuesday,100,0.822308625207
13,44,10-28-16-Friday,47,10-06-16-Thursday,25,0.81089091997
13,13,10-28-16-Friday,47,12-02-16-Friday,82,0.808849353013
13,26,10-28-16-Friday,47,09-27-16-Tuesday,16,0.807887898076
13,28,10-28-16-Friday,47,11-18-16-Friday,68,0.804355669385
13,26,10-28-16-Friday,47,09-30-16-Friday,19,0.799481150952
13,13,10-29-16-Saturday,48,10-29-16-Saturday,48,1.0
13,37,10-29-16-Saturday,48,12-21-16-Wednesday,101,0.999622316842
13,34,10-29-16-Saturday,48,10-23-16-Sunday,42,0.999620332513
13,23,10-29-16-Saturday,48,11-13-16-Sunday,63,0.999617706448
13,65,10-29-16-Saturday,48,01-27-17-Friday,138,0.999617126728
13,37,10-29-16-Saturday,48,12-27-16-Tuesday,107,0.999616245671
13,15,10-29-16-Saturday,48,09-25-16-Sunday,14,0.99961100066
13,44,10-29-16-Saturday,48,09-25-16-Sunday,14,0.999608388672
13,42,10-29-16-Saturday,48,10-09-16-Sunday,28,0.999606948829
13,23,10-29-16-Saturday,48,10-31-16-Monday,50,0.999606711151
13,26,10-29-16-Saturday,48,10-16-16-Sunday,35,0.99960648235
13,13,10-30-16-Sunday,49,10-30-16-Sunday,49,1.0
13,26,10-30-16-Sunday,49,10-08-16-Saturday,27,0.999690005415
13,10,10-30-16-Sunday,49,12-26-16-Monday,106,0.999689783765
13,44,10-30-16-Sunday,49,10-23-16-Sunday,42,0.999677000276
13,66,10-30-16-Sunday,49,01-07-17-Saturday,118,0.999672027031
13,65,10-30-16-Sunday,49,02-01-17-Wednesday,143,0.9996517418
13,22,10-30-16-Sunday,49,12-27-16-Tuesday,107,0.999643767574
13,21,10-30-16-Sunday,49,09-28-16-Wednesday,17,0.999639248277
13,11,10-30-16-Sunday,49,12-29-16-Thursday,109,0.999639085814
13,42,10-30-16-Sunday,49,10-09-16-Sunday,28,0.999636299322
13,45,10-30-16-Sunday,49,12-31-16-Saturday,111,0.999632928806
13,13,10-31-16-Monday,50,10-31-16-Monday,50,1.0
13,44,10-31-16-Monday,50,09-28-16-Wednesday,17,0.783041716069
13,5,10-31-16-Monday,50,11-16-16-Wednesday,66,0.780506908974
13,5,10-31-16-Monday,50,02-10-17-Friday,152,0.778251780905
13,5,10-31-16-Monday,50,09-20-16-Tuesday,9,0.774180875302
13,28,10-31-16-Monday,50,11-09-16-Wednesday,59,0.770170545206
13,4,10-31-16-Monday,50,11-22-16-Tuesday,72,0.768884054762
13,28,10-31-16-Monday,50,01-13-17-Friday,124,0.76638542093
13,13,10-31-16-Monday,50,12-02-16-Friday,82,0.763082472378
13,4,10-31-16-Monday,50,11-18-16-Friday,68,0.759549536391
13,28,10-31-16-Monday,50,11-18-16-Friday,68,0.759358041912
13,13,11-01-16-Tuesday,51,11-01-16-Tuesday,51,1.0
13,13,11-01-16-Tuesday,51,11-10-16-Thursday,60,0.901697489939
13,13,11-01-16-Tuesday,51,11-07-16-Monday,57,0.871797443182
13,13,11-01-16-Tuesday,51,11-09-16-Wednesday,59,0.870114046773
13,44,11-01-16-Tuesday,51,10-14-16-Friday,33,0.857767803832
13,4,11-01-16-Tuesday,51,01-06-17-Friday,117,0.856820840167
13,13,11-01-16-Tuesday,51,09-30-16-Friday,19,0.853861897958
13,13,11-01-16-Tuesday,51,11-30-16-Wednesday,80,0.850521884884
13,28,11-01-16-Tuesday,51,11-01-16-Tuesday,51,0.848196183437
13,4,11-01-16-Tuesday,51,10-14-16-Friday,33,0.845755079996
13,4,11-01-16-Tuesday,51,10-11-16-Tuesday,30,0.84548175511
13,13,11-02-16-Wednesday,52,11-02-16-Wednesday,52,1.0
13,44,11-02-16-Wednesday,52,12-20-16-Tuesday,100,0.845485771363
13,26,11-02-16-Wednesday,52,02-13-17-Monday,155,0.839012760828
13,44,11-02-16-Wednesday,52,09-30-16-Friday,19,0.838411674641
13,13,11-02-16-Wednesday,52,01-26-17-Thursday,137,0.834103205425
13,4,11-02-16-Wednesday,52,01-04-17-Wednesday,115,0.833035171947
13,26,11-02-16-Wednesday,52,02-06-17-Monday,148,0.831302251695
13,13,11-02-16-Wednesday,52,10-24-16-Monday,43,0.827746492769
13,5,11-02-16-Wednesday,52,11-21-16-Monday,71,0.826406501595
13,4,11-02-16-Wednesday,52,09-28-16-Wednesday,17,0.825840986575
13,4,11-02-16-Wednesday,52,11-09-16-Wednesday,59,0.821185737149
13,13,11-03-16-Thursday,53,11-03-16-Thursday,53,1.0
13,44,11-03-16-Thursday,53,12-21-16-Wednesday,101,0.835086371546
13,43,11-03-16-Thursday,53,01-31-17-Tuesday,142,0.8274628225
13,44,11-03-16-Thursday,53,10-17-16-Monday,36,0.819076699556
13,28,11-03-16-Thursday,53,01-11-17-Wednesday,122,0.817560395889
13,13,11-03-16-Thursday,53,02-06-17-Monday,148,0.813230507172
13,26,11-03-16-Thursday,53,01-09-17-Monday,120,0.806168854427
13,28,11-03-16-Thursday,53,01-17-17-Tuesday,128,0.805426722013
13,28,11-03-16-Thursday,53,01-05-17-Thursday,116,0.804537499419
13,4,11-03-16-Thursday,53,01-09-17-Monday,120,0.799466532525
13,44,11-03-16-Thursday,53,11-30-16-Wednesday,80,0.794485635373
13,13,11-04-16-Friday,54,11-04-16-Friday,54,1.0
13,10,11-04-16-Friday,54,12-02-16-Friday,82,0.834499944533
13,4,11-04-16-Friday,54,11-10-16-Thursday,60,0.784306667092
13,26,11-04-16-Friday,54,01-06-17-Friday,117,0.737107804444
13,68,11-04-16-Friday,54,01-16-17-Monday,127,0.737023217603
13,26,11-04-16-Friday,54,01-03-17-Tuesday,114,0.73403081176
13,41,11-04-16-Friday,54,09-28-16-Wednesday,17,0.731416670077
13,4,11-04-16-Friday,54,02-02-17-Thursday,144,0.699526689295
13,28,11-04-16-Friday,54,11-25-16-Friday,75,0.669557857318
13,28,11-04-16-Friday,54,11-23-16-Wednesday,73,0.65873614401
13,56,11-04-16-Friday,54,10-22-16-Saturday,41,0.658003389137
13,13,11-05-16-Saturday,55,11-05-16-Saturday,55,1.0
13,23,11-05-16-Saturday,55,10-31-16-Monday,50,0.999613120639
13,23,11-05-16-Saturday,55,01-03-17-Tuesday,114,0.999583669926
13,34,11-05-16-Saturday,55,01-21-17-Saturday,132,0.999582231514
13,27,11-05-16-Saturday,55,09-24-16-Saturday,13,0.999570523256
13,64,11-05-16-Saturday,55,10-20-16-Thursday,39,0.999568487145
13,64,11-05-16-Saturday,55,10-08-16-Saturday,27,0.999565655393
13,65,11-05-16-Saturday,55,01-30-17-Monday,141,0.999565110698
13,54,11-05-16-Saturday,55,11-19-16-Saturday,69,0.999563318998
13,13,11-05-16-Saturday,55,10-02-16-Sunday,21,0.999561726153
13,49,11-05-16-Saturday,55,10-23-16-Sunday,42,0.999560267011
13,13,11-06-16-Sunday,56,11-06-16-Sunday,56,1.0
13,10,11-06-16-Sunday,56,11-06-16-Sunday,56,0.999543500749
13,9,11-06-16-Sunday,56,11-06-16-Sunday,56,0.999538745698
13,4,11-06-16-Sunday,56,11-06-16-Sunday,56,0.999447389401
13,31,11-06-16-Sunday,56,11-06-16-Sunday,56,0.999443364234
13,37,11-06-16-Sunday,56,11-06-16-Sunday,56,0.999442091398
13,42,11-06-16-Sunday,56,11-06-16-Sunday,56,0.999428966116
13,21,11-06-16-Sunday,56,11-06-16-Sunday,56,0.999415022201
13,52,11-06-16-Sunday,56,11-06-16-Sunday,56,0.999403234177
13,22,11-06-16-Sunday,56,11-06-16-Sunday,56,0.99940302668
13,44,11-06-16-Sunday,56,11-06-16-Sunday,56,0.999400950374
13,13,11-07-16-Monday,57,11-07-16-Monday,57,1.0
13,4,11-07-16-Monday,57,01-06-17-Friday,117,0.895355002504
13,28,11-07-16-Monday,57,10-31-16-Monday,50,0.894848167343
13,18,11-07-16-Monday,57,11-11-16-Friday,61,0.892452671298
13,44,11-07-16-Monday,57,10-14-16-Friday,33,0.892161299564
13,13,11-07-16-Monday,57,11-22-16-Tuesday,72,0.889349681068
13,4,11-07-16-Monday,57,11-08-16-Tuesday,58,0.888970908803
13,4,11-07-16-Monday,57,10-14-16-Friday,33,0.886854832724
13,4,11-07-16-Monday,57,01-30-17-Monday,141,0.88563832299
13,44,11-07-16-Monday,57,10-07-16-Friday,26,0.884130479705
13,28,11-07-16-Monday,57,12-21-16-Wednesday,101,0.883360083277
13,13,11-08-16-Tuesday,58,11-08-16-Tuesday,58,1.0
13,13,11-08-16-Tuesday,58,10-18-16-Tuesday,37,0.738424941867
13,13,11-08-16-Tuesday,58,11-11-16-Friday,61,0.726291155907
13,13,11-08-16-Tuesday,58,10-25-16-Tuesday,44,0.703479880236
13,26,11-08-16-Tuesday,58,12-05-16-Monday,85,0.69893167487
13,56,11-08-16-Tuesday,58,02-07-17-Tuesday,149,0.695715405188
13,23,11-08-16-Tuesday,58,11-16-16-Wednesday,66,0.687844991666
13,28,11-08-16-Tuesday,58,01-23-17-Monday,134,0.677000208775
13,7,11-08-16-Tuesday,58,11-28-16-Monday,78,0.676441139425
13,36,11-08-16-Tuesday,58,01-12-17-Thursday,123,0.675497047031
13,13,11-08-16-Tuesday,58,11-15-16-Tuesday,65,0.670672946994
13,13,11-09-16-Wednesday,59,11-09-16-Wednesday,59,1.0
13,4,11-09-16-Wednesday,59,01-06-17-Friday,117,0.896300009619
13,28,11-09-16-Wednesday,59,01-17-17-Tuesday,128,0.896042160316
13,44,11-09-16-Wednesday,59,09-21-16-Wednesday,10,0.894847889861
13,13,11-09-16-Wednesday,59,02-09-17-Thursday,151,0.890430932283
13,13,11-09-16-Wednesday,59,11-17-16-Thursday,67,0.890160104029
13,44,11-09-16-Wednesday,59,10-14-16-Friday,33,0.88878318033
13,4,11-09-16-Wednesday,59,10-20-16-Thursday,39,0.887794975701
13,28,11-09-16-Wednesday,59,09-29-16-Thursday,18,0.88610301355
13,4,11-09-16-Wednesday,59,11-21-16-Monday,71,0.884605382291
13,13,11-09-16-Wednesday,59,09-30-16-Friday,19,0.882439203241
13,13,11-10-16-Thursday,60,11-10-16-Thursday,60,1.0
13,13,11-10-16-Thursday,60,11-01-16-Tuesday,51,0.901697489939
13,4,11-10-16-Thursday,60,10-20-16-Thursday,39,0.871440526668
13,13,11-10-16-Thursday,60,11-09-16-Wednesday,59,0.869804703949
13,13,11-10-16-Thursday,60,09-30-16-Friday,19,0.86695760533
13,13,11-10-16-Thursday,60,11-30-16-Wednesday,80,0.861180303596
13,4,11-10-16-Thursday,60,10-03-16-Monday,22,0.856514968394
13,13,11-10-16-Thursday,60,11-17-16-Thursday,67,0.839987771766
13,44,11-10-16-Thursday,60,10-14-16-Friday,33,0.835055270524
13,4,11-10-16-Thursday,60,10-14-16-Friday,33,0.834718232005
13,4,11-10-16-Thursday,60,11-21-16-Monday,71,0.833464027726
13,13,11-11-16-Friday,61,11-11-16-Friday,61,1.0
13,13,11-11-16-Friday,61,10-25-16-Tuesday,44,0.841729670197
13,46,11-11-16-Friday,61,02-03-17-Friday,145,0.832921468757
13,13,11-11-16-Friday,61,10-18-16-Tuesday,37,0.822089045434
13,4,11-11-16-Friday,61,11-23-16-Wednesday,73,0.814492830976
13,4,11-11-16-Friday,61,02-08-17-Wednesday,150,0.792512196066
13,4,11-11-16-Friday,61,01-20-17-Friday,131,0.792104832135
13,4,11-11-16-Friday,61,11-17-16-Thursday,67,0.768094686677
13,63,11-11-16-Friday,61,09-24-16-Saturday,13,0.767920297807
13,4,11-11-16-Friday,61,02-01-17-Wednesday,143,0.761792407999
13,46,11-11-16-Friday,61,11-01-16-Tuesday,51,0.752367398456
13,13,11-12-16-Saturday,62,11-12-16-Saturday,62,1.0
13,23,11-12-16-Saturday,62,10-31-16-Monday,50,0.999665054067
13,13,11-12-16-Saturday,62,11-13-16-Sunday,63,0.999656936296
13,37,11-12-16-Saturday,62,12-03-16-Saturday,83,0.999627602533
13,34,11-12-16-Saturday,62,12-28-16-Wednesday,108,0.999623360319
13,13,11-12-16-Saturday,62,10-09-16-Sunday,28,0.999618057729
13,6,11-12-16-Saturday,62,12-28-16-Wednesday,108,0.999617630296
13,37,11-12-16-Saturday,62,11-01-16-Tuesday,51,0.999613825544
13,54,11-12-16-Saturday,62,11-19-16-Saturday,69,0.999613098758
13,27,11-12-16-Saturday,62,09-24-16-Saturday,13,0.999603413667
13,10,11-12-16-Saturday,62,12-28-16-Wednesday,108,0.999601988381
13,13,11-13-16-Sunday,63,11-13-16-Sunday,63,1.0
13,13,11-13-16-Sunday,63,11-12-16-Saturday,62,0.999656936296
13,26,11-13-16-Sunday,63,10-16-16-Sunday,35,0.999650172642
13,54,11-13-16-Sunday,63,11-19-16-Saturday,69,0.999643366972
13,61,11-13-16-Sunday,63,12-30-16-Friday,110,0.9996352357
13,9,11-13-16-Sunday,63,11-21-16-Monday,71,0.999625626289
13,37,11-13-16-Sunday,63,01-03-17-Tuesday,114,0.999624043426
13,13,11-13-16-Sunday,63,10-02-16-Sunday,21,0.999621324866
13,65,11-13-16-Sunday,63,02-10-17-Friday,152,0.999620392447
13,37,11-13-16-Sunday,63,01-16-17-Monday,127,0.999620100248
13,52,11-13-16-Sunday,63,10-24-16-Monday,43,0.999619198794
13,13,11-14-16-Monday,64,11-14-16-Monday,64,1.0
13,44,11-14-16-Monday,64,11-15-16-Tuesday,65,0.892082843514
13,4,11-14-16-Monday,64,01-04-17-Wednesday,115,0.876270089595
13,13,11-14-16-Monday,64,12-02-16-Friday,82,0.870480020074
13,44,11-14-16-Monday,64,10-11-16-Tuesday,30,0.870345354014
13,4,11-14-16-Monday,64,11-25-16-Friday,75,0.865669584259
13,41,11-14-16-Monday,64,09-20-16-Tuesday,9,0.865460862698
13,18,11-14-16-Monday,64,11-28-16-Monday,78,0.864785717374
13,4,11-14-16-Monday,64,01-30-17-Monday,141,0.862955421639
13,44,11-14-16-Monday,64,11-16-16-Wednesday,66,0.862892075887
13,44,11-14-16-Monday,64,10-12-16-Wednesday,31,0.8602901507
13,13,11-15-16-Tuesday,65,11-15-16-Tuesday,65,1.0
13,26,11-15-16-Tuesday,65,01-27-17-Friday,138,0.785362528701
13,26,11-15-16-Tuesday,65,12-19-16-Monday,99,0.719722555346
13,28,11-15-16-Tuesday,65,01-23-17-Monday,134,0.719549633789
13,28,11-15-16-Tuesday,65,01-30-17-Monday,141,0.690672494147
13,13,11-15-16-Tuesday,65,10-17-16-Monday,36,0.689761257256
13,13,11-15-16-Tuesday,65,12-02-16-Friday,82,0.679985983149
13,63,11-15-16-Tuesday,65,10-06-16-Thursday,25,0.679914738841
13,26,11-15-16-Tuesday,65,01-23-17-Monday,134,0.679825993563
13,68,11-15-16-Tuesday,65,02-02-17-Thursday,144,0.677832832593
13,71,11-15-16-Tuesday,65,10-20-16-Thursday,39,0.674172979786
13,13,11-16-16-Wednesday,66,11-16-16-Wednesday,66,1.0
13,28,11-16-16-Wednesday,66,11-02-16-Wednesday,52,0.864541497752
13,13,11-16-16-Wednesday,66,12-02-16-Friday,82,0.85509057963
13,4,11-16-16-Wednesday,66,10-14-16-Friday,33,0.84837637582
13,28,11-16-16-Wednesday,66,01-04-17-Wednesday,115,0.847883717947
13,44,11-16-16-Wednesday,66,10-21-16-Friday,40,0.846786666353
13,18,11-16-16-Wednesday,66,10-21-16-Friday,40,0.846346551072
13,13,11-16-16-Wednesday,66,02-06-17-Monday,148,0.845897948583
13,18,11-16-16-Wednesday,66,11-11-16-Friday,61,0.845819492045
13,44,11-16-16-Wednesday,66,10-11-16-Tuesday,30,0.845240830301
13,28,11-16-16-Wednesday,66,10-19-16-Wednesday,38,0.845185092954
13,13,11-17-16-Thursday,67,11-17-16-Thursday,67,1.0
13,13,11-17-16-Thursday,67,12-02-16-Friday,82,0.91338176717
13,28,11-17-16-Thursday,67,01-04-17-Wednesday,115,0.910237195495
13,28,11-17-16-Thursday,67,10-31-16-Monday,50,0.906549792999
13,28,11-17-16-Thursday,67,01-17-17-Tuesday,128,0.905331576712
13,13,11-17-16-Thursday,67,11-30-16-Wednesday,80,0.902345254717
13,4,11-17-16-Thursday,67,01-06-17-Friday,117,0.896884658141
13,44,11-17-16-Thursday,67,01-12-17-Thursday,123,0.896223310188
13,44,11-17-16-Thursday,67,11-16-16-Wednesday,66,0.895001879873
13,28,11-17-16-Thursday,67,10-20-16-Thursday,39,0.892139654294
13,4,11-17-16-Thursday,67,01-30-17-Monday,141,0.891532764264
13,13,11-18-16-Friday,68,11-18-16-Friday,68,1.0
13,2,11-18-16-Friday,68,11-18-16-Friday,68,0.998877587332
13,9,11-18-16-Friday,68,11-18-16-Friday,68,0.998726404114
13,64,11-18-16-Friday,68,11-18-16-Friday,68,0.998636231033
13,15,11-18-16-Friday,68,11-18-16-Friday,68,0.998582674708
13,34,11-18-16-Friday,68,10-22-16-Saturday,41,0.996872055821
13,43,11-18-16-Friday,68,11-18-16-Friday,68,0.99474757047
13,56,11-18-16-Friday,68,10-15-16-Saturday,34,0.994486920299
13,13,11-18-16-Friday,68,09-25-16-Sunday,14,0.994465176302
13,37,11-18-16-Friday,68,01-13-17-Friday,124,0.994410689936
13,43,11-18-16-Friday,68,01-09-17-Monday,120,0.994404946791
13,13,11-19-16-Saturday,69,11-19-16-Saturday,69,1.0
13,52,11-19-16-Saturday,69,10-01-16-Saturday,20,0.999666269468
13,66,11-19-16-Saturday,69,12-29-16-Thursday,109,0.999659218262
13,15,11-19-16-Saturday,69,10-27-16-Thursday,46,0.999656963562
13,34,11-19-16-Saturday,69,10-08-16-Saturday,27,0.999656201558
13,13,11-19-16-Saturday,69,10-16-16-Sunday,35,0.999653310868
13,22,11-19-16-Saturday,69,10-23-16-Sunday,42,0.999651010619
13,34,11-19-16-Saturday,69,10-23-16-Sunday,42,0.999650272441
13,26,11-19-16-Saturday,69,10-21-16-Friday,40,0.999648699986
13,9,11-19-16-Saturday,69,10-28-16-Friday,47,0.9996468216
13,52,11-19-16-Saturday,69,10-16-16-Sunday,35,0.999646378716
13,13,11-20-16-Sunday,70,11-20-16-Sunday,70,1.0
13,4,11-20-16-Sunday,70,11-20-16-Sunday,70,0.99958916773
13,44,11-20-16-Sunday,70,11-20-16-Sunday,70,0.999572608358
13,43,11-20-16-Sunday,70,11-20-16-Sunday,70,0.999570812406
13,54,11-20-16-Sunday,70,11-20-16-Sunday,70,0.999542364869
13,6,11-20-16-Sunday,70,11-20-16-Sunday,70,0.999539300895
13,61,11-20-16-Sunday,70,11-20-16-Sunday,70,0.999529189821
13,34,11-20-16-Sunday,70,11-20-16-Sunday,70,0.999525546129
13,22,11-20-16-Sunday,70,11-20-16-Sunday,70,0.99952218621
13,52,11-20-16-Sunday,70,11-20-16-Sunday,70,0.999512966828
13,17,11-20-16-Sunday,70,11-20-16-Sunday,70,0.999511919658
13,13,11-21-16-Monday,71,11-21-16-Monday,71,1.0
13,44,11-21-16-Monday,71,09-29-16-Thursday,18,0.901608360393
13,44,11-21-16-Monday,71,09-21-16-Wednesday,10,0.892870814389
13,44,11-21-16-Monday,71,10-17-16-Monday,36,0.882816925853
13,28,11-21-16-Monday,71,10-31-16-Monday,50,0.882254804133
13,13,11-21-16-Monday,71,10-27-16-Thursday,46,0.880790936189
13,44,11-21-16-Monday,71,11-16-16-Wednesday,66,0.880333900662
13,4,11-21-16-Monday,71,10-21-16-Friday,40,0.880301941624
13,18,11-21-16-Monday,71,12-09-16-Friday,89,0.879591821526
13,13,11-21-16-Monday,71,11-07-16-Monday,57,0.877388912344
13,28,11-21-16-Monday,71,09-28-16-Wednesday,17,0.873791915687
13,13,11-22-16-Tuesday,72,11-22-16-Tuesday,72,1.0
13,28,11-22-16-Tuesday,72,10-31-16-Monday,50,0.902442138462
13,44,11-22-16-Tuesday,72,10-17-16-Monday,36,0.894202648751
13,4,11-22-16-Tuesday,72,10-14-16-Friday,33,0.892589424755
13,4,11-22-16-Tuesday,72,11-21-16-Monday,71,0.892193754282
13,4,11-22-16-Tuesday,72,09-30-16-Friday,19,0.889964971519
13,4,11-22-16-Tuesday,72,01-06-17-Friday,117,0.889830134752
13,13,11-22-16-Tuesday,72,11-07-16-Monday,57,0.889349681068
13,44,11-22-16-Tuesday,72,10-11-16-Tuesday,30,0.888788918677
13,4,11-22-16-Tuesday,72,01-30-17-Monday,141,0.885749312512
13,28,11-22-16-Tuesday,72,01-04-17-Wednesday,115,0.88278265755
13,13,11-23-16-Wednesday,73,11-23-16-Wednesday,73,1.0
13,39,11-23-16-Wednesday,73,11-18-16-Friday,68,0.767168230237
13,51,11-23-16-Wednesday,73,02-13-17-Monday,155,0.754830246134
13,66,11-23-16-Wednesday,73,02-13-17-Monday,155,0.753863384884
13,65,11-23-16-Wednesday,73,02-13-17-Monday,155,0.753712007041
13,64,11-23-16-Wednesday,73,02-13-17-Monday,155,0.753414778769
13,52,11-23-16-Wednesday,73,02-13-17-Monday,155,0.752272541536
13,56,11-23-16-Wednesday,73,02-13-17-Monday,155,0.751896091457
13,23,11-23-16-Wednesday,73,02-13-17-Monday,155,0.75107175923
13,13,11-23-16-Wednesday,73,10-04-16-Tuesday,23,0.746697296101
13,28,11-23-16-Wednesday,73,10-18-16-Tuesday,37,0.743526328366
13,13,11-24-16-Thursday,74,11-24-16-Thursday,74,1.0
13,26,11-24-16-Thursday,74,10-03-16-Monday,22,0.958777990403
13,10,11-24-16-Thursday,74,01-31-17-Tuesday,142,0.950949876584
13,33,11-24-16-Thursday,74,11-26-16-Saturday,76,0.943597752814
13,30,11-24-16-Thursday,74,09-28-16-Wednesday,17,0.941235896581
13,63,11-24-16-Thursday,74,10-17-16-Monday,36,0.939592853404
13,54,11-24-16-Thursday,74,10-15-16-Saturday,34,0.937298401976
13,7,11-24-16-Thursday,74,10-26-16-Wednesday,45,0.926609158185
13,30,11-24-16-Thursday,74,09-21-16-Wednesday,10,0.923642051971
13,20,11-24-16-Thursday,74,11-22-16-Tuesday,72,0.920956356896
13,8,11-24-16-Thursday,74,12-18-16-Sunday,98,0.920368416136
13,13,11-25-16-Friday,75,11-25-16-Friday,75,1.0
13,56,11-25-16-Friday,75,10-19-16-Wednesday,38,0.974053475582
13,20,11-25-16-Friday,75,11-19-16-Saturday,69,0.973696408276
13,9,11-25-16-Friday,75,10-19-16-Wednesday,38,0.973531092139
13,11,11-25-16-Friday,75,12-18-16-Sunday,98,0.971889359104
13,63,11-25-16-Friday,75,11-01-16-Tuesday,51,0.971491756456
13,11,11-25-16-Friday,75,10-15-16-Saturday,34,0.971016764445
13,5,11-25-16-Friday,75,02-11-17-Saturday,153,0.97088525834
13,63,11-25-16-Friday,75,10-14-16-Friday,33,0.970672091213
13,11,11-25-16-Friday,75,12-20-16-Tuesday,100,0.970530458762
13,63,11-25-16-Friday,75,11-13-16-Sunday,63,0.970424842499
13,13,11-26-16-Saturday,76,11-26-16-Saturday,76,1.0
13,34,11-26-16-Saturday,76,10-23-16-Sunday,42,0.99966737943
13,34,11-26-16-Saturday,76,12-27-16-Tuesday,107,0.999662557859
13,34,11-26-16-Saturday,76,02-04-17-Saturday,146,0.999658148016
13,15,11-26-16-Saturday,76,10-28-16-Friday,47,0.999656900296
13,51,11-26-16-Saturday,76,01-02-17-Monday,113,0.999656555496
13,65,11-26-16-Saturday,76,02-04-17-Saturday,146,0.999655721701
13,12,11-26-16-Saturday,76,10-08-16-Saturday,27,0.999655551911
13,65,11-26-16-Saturday,76,01-18-17-Wednesday,129,0.999653345351
13,22,11-26-16-Saturday,76,10-23-16-Sunday,42,0.999649008626
13,6,11-26-16-Saturday,76,12-10-16-Saturday,90,0.999648843565
13,13,11-27-16-Sunday,77,11-27-16-Sunday,77,1.0
13,44,11-27-16-Sunday,77,11-27-16-Sunday,77,0.999408343006
13,43,11-27-16-Sunday,77,11-27-16-Sunday,77,0.999382927681
13,45,11-27-16-Sunday,77,11-27-16-Sunday,77,0.99937984457
13,9,11-27-16-Sunday,77,11-27-16-Sunday,77,0.999364566559
13,51,11-27-16-Sunday,77,11-27-16-Sunday,77,0.999347045566
13,36,11-27-16-Sunday,77,11-27-16-Sunday,77,0.999342767815
13,61,11-27-16-Sunday,77,11-27-16-Sunday,77,0.999340392576
13,64,11-27-16-Sunday,77,10-26-16-Wednesday,45,0.999338626169
13,37,11-27-16-Sunday,77,11-27-16-Sunday,77,0.999335916754
13,31,11-27-16-Sunday,77,11-27-16-Sunday,77,0.999331760297
13,13,11-28-16-Monday,78,11-28-16-Monday,78,1.0
13,28,11-28-16-Monday,78,12-23-16-Friday,103,0.875197622857
13,28,11-28-16-Monday,78,11-02-16-Wednesday,52,0.833370788222
13,26,11-28-16-Monday,78,01-05-17-Thursday,116,0.819378656055
13,44,11-28-16-Monday,78,11-18-16-Friday,68,0.819100511136
13,26,11-28-16-Monday,78,02-01-17-Wednesday,143,0.815931258061
13,28,11-28-16-Monday,78,12-19-16-Monday,99,0.815138179467
13,13,11-28-16-Monday,78,09-20-16-Tuesday,9,0.812653743396
13,4,11-28-16-Monday,78,10-19-16-Wednesday,38,0.809074002902
13,13,11-28-16-Monday,78,02-08-17-Wednesday,150,0.809009131496
13,28,11-28-16-Monday,78,01-13-17-Friday,124,0.808590344644
13,13,11-29-16-Tuesday,79,11-29-16-Tuesday,79,1.0
13,4,11-29-16-Tuesday,79,10-14-16-Friday,33,0.827740619302
13,28,11-29-16-Tuesday,79,10-31-16-Monday,50,0.819069224673
13,4,11-29-16-Tuesday,79,11-08-16-Tuesday,58,0.816527006273
13,28,11-29-16-Tuesday,79,01-23-17-Monday,134,0.80781281626
13,28,11-29-16-Tuesday,79,10-19-16-Wednesday,38,0.805422913928
13,28,11-29-16-Tuesday,79,10-12-16-Wednesday,31,0.801931988466
13,4,11-29-16-Tuesday,79,02-01-17-Wednesday,143,0.801045508144
13,4,11-29-16-Tuesday,79,11-18-16-Friday,68,0.800409748803
13,13,11-29-16-Tuesday,79,12-02-16-Friday,82,0.79920627916
13,28,11-29-16-Tuesday,79,01-04-17-Wednesday,115,0.799130891946
13,13,11-30-16-Wednesday,80,11-30-16-Wednesday,80,1.0
13,13,11-30-16-Wednesday,80,11-17-16-Thursday,67,0.902345254717
13,4,11-30-16-Wednesday,80,01-06-17-Friday,117,0.892619690754
13,13,11-30-16-Wednesday,80,12-02-16-Friday,82,0.890349957092
13,28,11-30-16-Wednesday,80,01-13-17-Friday,124,0.885117128078
13,28,11-30-16-Wednesday,80,11-18-16-Friday,68,0.884215050989
13,13,11-30-16-Wednesday,80,09-30-16-Friday,19,0.883386937685
13,28,11-30-16-Wednesday,80,01-04-17-Wednesday,115,0.881847115684
13,4,11-30-16-Wednesday,80,10-20-16-Thursday,39,0.877142905862
13,28,11-30-16-Wednesday,80,10-20-16-Thursday,39,0.875428317724
13,4,11-30-16-Wednesday,80,09-30-16-Friday,19,0.875085472843
13,13,12-01-16-Thursday,81,12-01-16-Thursday,81,1.0
13,13,12-01-16-Thursday,81,12-02-16-Friday,82,0.909590548362
13,28,12-01-16-Thursday,81,01-04-17-Wednesday,115,0.878354941765
13,28,12-01-16-Thursday,81,11-17-16-Thursday,67,0.877950961866
13,28,12-01-16-Thursday,81,01-26-17-Thursday,137,0.870698053402
13,44,12-01-16-Thursday,81,01-12-17-Thursday,123,0.866140211185
13,44,12-01-16-Thursday,81,10-12-16-Wednesday,31,0.865259674283
13,18,12-01-16-Thursday,81,10-21-16-Friday,40,0.864416851109
13,66,12-01-16-Thursday,81,12-23-16-Friday,103,0.862675017109
13,28,12-01-16-Thursday,81,11-02-16-Wednesday,52,0.858915948694
13,5,12-01-16-Thursday,81,12-02-16-Friday,82,0.857610615756
13,13,12-02-16-Friday,82,12-02-16-Friday,82,1.0
13,13,12-02-16-Friday,82,11-17-16-Thursday,67,0.91338176717
13,13,12-02-16-Friday,82,12-01-16-Thursday,81,0.909590548362
13,28,12-02-16-Friday,82,01-13-17-Friday,124,0.903071079266
13,28,12-02-16-Friday,82,01-03-17-Tuesday,114,0.897213976049
13,4,12-02-16-Friday,82,01-06-17-Friday,117,0.896111163692
13,44,12-02-16-Friday,82,01-12-17-Thursday,123,0.895261537694
13,28,12-02-16-Friday,82,01-04-17-Wednesday,115,0.893020382725
13,4,12-02-16-Friday,82,01-30-17-Monday,141,0.891564331173
13,44,12-02-16-Friday,82,11-16-16-Wednesday,66,0.891128969816
13,44,12-02-16-Friday,82,10-21-16-Friday,40,0.890834849501
13,13,12-03-16-Saturday,83,12-03-16-Saturday,83,1.0
13,15,12-03-16-Saturday,83,10-28-16-Friday,47,0.999668991057
13,37,12-03-16-Saturday,83,12-27-16-Tuesday,107,0.999619414057
13,34,12-03-16-Saturday,83,12-27-16-Tuesday,107,0.999618227096
13,51,12-03-16-Saturday,83,01-02-17-Monday,113,0.999617569718
13,22,12-03-16-Saturday,83,01-02-17-Monday,113,0.9996126163
13,52,12-03-16-Saturday,83,09-22-16-Thursday,11,0.999611500377
13,13,12-03-16-Saturday,83,11-26-16-Saturday,76,0.999608542006
13,65,12-03-16-Saturday,83,01-19-17-Thursday,130,0.999605660681
13,9,12-03-16-Saturday,83,09-20-16-Tuesday,9,0.999605071118
13,44,12-03-16-Saturday,83,12-30-16-Friday,110,0.999604924174
13,13,12-04-16-Sunday,84,12-04-16-Sunday,84,1.0
13,68,12-04-16-Sunday,84,12-04-16-Sunday,84,0.999650709642
13,64,12-04-16-Sunday,84,12-04-16-Sunday,84,0.999640728698
13,24,12-04-16-Sunday,84,12-04-16-Sunday,84,0.999616243344
13,15,12-04-16-Sunday,84,12-04-16-Sunday,84,0.999613744331
13,43,12-04-16-Sunday,84,12-04-16-Sunday,84,0.999580951796
13,52,12-04-16-Sunday,84,12-04-16-Sunday,84,0.999573238869
13,56,12-04-16-Sunday,84,12-04-16-Sunday,84,0.999572535242
13,7,12-04-16-Sunday,84,12-04-16-Sunday,84,0.999535699671
13,51,12-04-16-Sunday,84,12-04-16-Sunday,84,0.999520142988
13,45,12-04-16-Sunday,84,12-04-16-Sunday,84,0.99952012835
13,13,12-05-16-Monday,85,12-05-16-Monday,85,1.0
13,26,12-05-16-Monday,85,10-18-16-Tuesday,37,0.795577711352
13,26,12-05-16-Monday,85,09-27-16-Tuesday,16,0.78808491711
13,28,12-05-16-Monday,85,12-14-16-Wednesday,94,0.779834888599
13,36,12-05-16-Monday,85,09-29-16-Thursday,18,0.779578861606
13,68,12-05-16-Monday,85,12-05-16-Monday,85,0.771176721956
13,26,12-05-16-Monday,85,01-31-17-Tuesday,142,0.768793904617
13,68,12-05-16-Monday,85,01-13-17-Friday,124,0.762114622176
13,13,12-05-16-Monday,85,01-31-17-Tuesday,142,0.76134355404
13,45,12-05-16-Monday,85,12-01-16-Thursday,81,0.759874475417
13,4,12-05-16-Monday,85,10-12-16-Wednesday,31,0.758943174851
13,13,12-06-16-Tuesday,86,12-06-16-Tuesday,86,1.0
13,4,12-06-16-Tuesday,86,10-04-16-Tuesday,23,0.884003561502
13,28,12-06-16-Tuesday,86,10-04-16-Tuesday,23,0.848841313016
13,13,12-06-16-Tuesday,86,02-03-17-Friday,145,0.821467292513
13,28,12-06-16-Tuesday,86,12-08-16-Thursday,88,0.736633957556
13,28,12-06-16-Tuesday,86,11-25-16-Friday,75,0.70811168273
13,44,12-06-16-Tuesday,86,10-04-16-Tuesday,23,0.691572793019
13,4,12-06-16-Tuesday,86,09-21-16-Wednesday,10,0.664200278588
13,13,12-06-16-Tuesday,86,10-25-16-Tuesday,44,0.660948949906
13,4,12-06-16-Tuesday,86,11-10-16-Thursday,60,0.639175948528
13,26,12-06-16-Tuesday,86,10-27-16-Thursday,46,0.623430839482
13,13,12-07-16-Wednesday,87,12-07-16-Wednesday,87,1.0
13,28,12-07-16-Wednesday,87,11-18-16-Friday,68,0.868046523288
13,28,12-07-16-Wednesday,87,09-29-16-Thursday,18,0.850111865399
13,13,12-07-16-Wednesday,87,11-30-16-Wednesday,80,0.843676665424
13,13,12-07-16-Wednesday,87,10-28-16-Friday,47,0.836762294786
13,4,12-07-16-Wednesday,87,01-16-17-Monday,127,0.82947470842
13,13,12-07-16-Wednesday,87,12-02-16-Friday,82,0.824890564404
13,5,12-07-16-Wednesday,87,02-03-17-Friday,145,0.824085515769
13,13,12-07-16-Wednesday,87,09-30-16-Friday,19,0.823393717886
13,13,12-07-16-Wednesday,87,11-01-16-Tuesday,51,0.821256779988
13,13,12-07-16-Wednesday,87,09-26-16-Monday,15,0.82020366586
13,13,12-08-16-Thursday,88,12-08-16-Thursday,88,1.0
13,26,12-08-16-Thursday,88,09-27-16-Tuesday,16,0.797193217896
13,4,12-08-16-Thursday,88,10-12-16-Wednesday,31,0.795681646239
13,4,12-08-16-Thursday,88,09-28-16-Wednesday,17,0.776480240945
13,28,12-08-16-Thursday,88,01-13-17-Friday,124,0.763202948603
13,13,12-08-16-Thursday,88,01-31-17-Tuesday,142,0.760122386282
13,13,12-08-16-Thursday,88,10-24-16-Monday,43,0.759223211802
13,44,12-08-16-Thursday,88,11-15-16-Tuesday,65,0.758757553866
13,44,12-08-16-Thursday,88,12-20-16-Tuesday,100,0.752834135489
13,13,12-08-16-Thursday,88,11-02-16-Wednesday,52,0.752636448604
13,26,12-08-16-Thursday,88,02-07-17-Tuesday,149,0.750658773859
13,13,12-09-16-Friday,89,12-09-16-Friday,89,1.0
13,4,12-09-16-Friday,89,10-19-16-Wednesday,38,0.861976447813
13,44,12-09-16-Friday,89,11-15-16-Tuesday,65,0.856885085099
13,44,12-09-16-Friday,89,10-12-16-Wednesday,31,0.846636634424
13,28,12-09-16-Friday,89,01-13-17-Friday,124,0.83952771936
13,44,12-09-16-Friday,89,10-17-16-Monday,36,0.839102047276
13,4,12-09-16-Friday,89,01-10-17-Tuesday,121,0.834239289161
13,44,12-09-16-Friday,89,01-13-17-Friday,124,0.83347852537
13,44,12-09-16-Friday,89,11-16-16-Wednesday,66,0.832663970136
13,28,12-09-16-Friday,89,01-11-17-Wednesday,122,0.830097478344
13,44,12-09-16-Friday,89,09-21-16-Wednesday,10,0.827057225706
13,13,12-10-16-Saturday,90,12-10-16-Saturday,90,1.0
13,37,12-10-16-Saturday,90,01-27-17-Friday,138,0.998321819936
13,56,12-10-16-Saturday,90,10-11-16-Tuesday,30,0.998188833631
13,43,12-10-16-Saturday,90,12-18-16-Sunday,98,0.998184734651
13,10,12-10-16-Saturday,90,10-09-16-Sunday,28,0.998169462693
13,43,12-10-16-Saturday,90,10-10-16-Monday,29,0.998150262847
13,26,12-10-16-Saturday,90,09-25-16-Sunday,14,0.998135856057
13,15,12-10-16-Saturday,90,11-13-16-Sunday,63,0.998119363944
13,6,12-10-16-Saturday,90,01-21-17-Saturday,132,0.998114509056
13,39,12-10-16-Saturday,90,12-31-16-Saturday,111,0.998110092422
13,23,12-10-16-Saturday,90,12-31-16-Saturday,111,0.998105998808
13,13,12-11-16-Sunday,91,12-11-16-Sunday,91,1.0
13,10,12-11-16-Sunday,91,12-11-16-Sunday,91,0.999599822142
13,43,12-11-16-Sunday,91,12-11-16-Sunday,91,0.999586543072
13,52,12-11-16-Sunday,91,12-11-16-Sunday,91,0.999581457501
13,45,12-11-16-Sunday,91,12-11-16-Sunday,91,0.999579958987
13,34,12-11-16-Sunday,91,12-11-16-Sunday,91,0.999567647329
13,11,12-11-16-Sunday,91,12-11-16-Sunday,91,0.999561542648
13,56,12-11-16-Sunday,91,12-11-16-Sunday,91,0.999559973479
13,51,12-11-16-Sunday,91,12-11-16-Sunday,91,0.999557529596
13,26,12-11-16-Sunday,91,12-11-16-Sunday,91,0.999557112037
13,64,12-11-16-Sunday,91,12-11-16-Sunday,91,0.999555260221
13,13,12-12-16-Monday,92,12-12-16-Monday,92,1.0
13,21,12-12-16-Monday,92,10-21-16-Friday,40,0.81376244571
13,28,12-12-16-Monday,92,12-08-16-Thursday,88,0.749957385184
13,28,12-12-16-Monday,92,10-04-16-Tuesday,23,0.692650301043
13,50,12-12-16-Monday,92,10-04-16-Tuesday,23,0.578765034806
13,28,12-12-16-Monday,92,11-25-16-Friday,75,0.547262141234
13,13,12-12-16-Monday,92,12-06-16-Tuesday,86,0.526087362021
13,4,12-12-16-Monday,92,10-04-16-Tuesday,23,0.495769903417
13,56,12-12-16-Monday,92,02-07-17-Tuesday,149,0.472447510294
13,39,12-12-16-Monday,92,11-19-16-Saturday,69,0.40516251354
13,40,12-12-16-Monday,92,10-04-16-Tuesday,23,0.401112813954
13,13,12-14-16-Wednesday,94,12-14-16-Wednesday,94,1.0
13,5,12-14-16-Wednesday,94,02-01-17-Wednesday,143,0.856467245456
13,26,12-14-16-Wednesday,94,12-09-16-Friday,89,0.849396033993
13,44,12-14-16-Wednesday,94,01-05-17-Thursday,116,0.846521911904
13,13,12-14-16-Wednesday,94,09-23-16-Friday,12,0.825946444663
13,13,12-14-16-Wednesday,94,10-12-16-Wednesday,31,0.817380577165
13,44,12-14-16-Wednesday,94,01-04-17-Wednesday,115,0.816823059999
13,13,12-14-16-Wednesday,94,02-08-17-Wednesday,150,0.811280537473
13,8,12-14-16-Wednesday,94,11-16-16-Wednesday,66,0.801778706527
13,25,12-14-16-Wednesday,94,10-17-16-Monday,36,0.801604039839
13,44,12-14-16-Wednesday,94,12-22-16-Thursday,102,0.799100372854
13,13,12-15-16-Thursday,95,12-15-16-Thursday,95,1.0
13,44,12-15-16-Thursday,95,12-15-16-Thursday,95,0.837929785449
13,42,12-15-16-Thursday,95,01-26-17-Thursday,137,0.828179036369
13,41,12-15-16-Thursday,95,11-25-16-Friday,75,0.826973042082
13,52,12-15-16-Thursday,95,02-13-17-Monday,155,0.814886382286
13,64,12-15-16-Thursday,95,02-13-17-Monday,155,0.811250031501
13,68,12-15-16-Thursday,95,02-13-17-Monday,155,0.809501990084
13,23,12-15-16-Thursday,95,02-13-17-Monday,155,0.80925965966
13,65,12-15-16-Thursday,95,02-13-17-Monday,155,0.809003722305
13,66,12-15-16-Thursday,95,02-13-17-Monday,155,0.808656875651
13,51,12-15-16-Thursday,95,02-13-17-Monday,155,0.808227755372
13,13,12-16-16-Friday,96,12-16-16-Friday,96,1.0
13,13,12-16-16-Friday,96,10-12-16-Wednesday,31,0.755661828329
13,8,12-16-16-Friday,96,02-13-17-Monday,155,0.733192934325
13,11,12-16-16-Friday,96,10-14-16-Friday,33,0.725901822514
13,31,12-16-16-Friday,96,09-29-16-Thursday,18,0.719714829783
13,44,12-16-16-Friday,96,12-22-16-Thursday,102,0.715783358284
13,7,12-16-16-Friday,96,11-18-16-Friday,68,0.711293852677
13,5,12-16-16-Friday,96,11-13-16-Sunday,63,0.700747604647
13,52,12-16-16-Friday,96,01-10-17-Tuesday,121,0.695187196157
13,31,12-16-16-Friday,96,02-13-17-Monday,155,0.694102411788
13,44,12-16-16-Friday,96,01-04-17-Wednesday,115,0.685369518541
13,13,01-25-17-Wednesday,136,01-25-17-Wednesday,136,1.0
13,31,01-25-17-Wednesday,136,12-19-16-Monday,99,0.845448263092
13,34,01-25-17-Wednesday,136,10-28-16-Friday,47,0.83021743664
13,33,01-25-17-Wednesday,136,09-21-16-Wednesday,10,0.81660428038
13,38,01-25-17-Wednesday,136,12-14-16-Wednesday,94,0.801626760125
13,45,01-25-17-Wednesday,136,10-28-16-Friday,47,0.801254793312
13,54,01-25-17-Wednesday,136,10-12-16-Wednesday,31,0.797570502552
13,52,01-25-17-Wednesday,136,10-05-16-Wednesday,24,0.794057388973
13,7,01-25-17-Wednesday,136,01-16-17-Monday,127,0.78446065835
13,7,01-25-17-Wednesday,136,09-21-16-Wednesday,10,0.783350461453
13,17,01-25-17-Wednesday,136,10-13-16-Thursday,32,0.781263069992
13,13,01-26-17-Thursday,137,01-26-17-Thursday,137,1.0
13,4,01-26-17-Thursday,137,09-28-16-Wednesday,17,0.906851870822
13,44,01-26-17-Thursday,137,12-20-16-Tuesday,100,0.851893902518
13,44,01-26-17-Thursday,137,11-18-16-Friday,68,0.842308178106
13,26,01-26-17-Thursday,137,02-13-17-Monday,155,0.838032678352
13,13,01-26-17-Thursday,137,11-02-16-Wednesday,52,0.834103205425
13,26,01-26-17-Thursday,137,01-25-17-Wednesday,136,0.83306516263
13,26,01-26-17-Thursday,137,09-30-16-Friday,19,0.831676169113
13,4,01-26-17-Thursday,137,01-10-17-Tuesday,121,0.821298632879
13,4,01-26-17-Thursday,137,01-26-17-Thursday,137,0.817816846484
13,13,01-26-17-Thursday,137,01-31-17-Tuesday,142,0.814725447319
13,13,01-27-17-Friday,138,01-27-17-Friday,138,1.0
13,28,01-27-17-Friday,138,01-03-17-Tuesday,114,0.870363181212
13,13,01-27-17-Friday,138,12-02-16-Friday,82,0.86910555119
13,28,01-27-17-Friday,138,01-04-17-Wednesday,115,0.868788426423
13,4,01-27-17-Friday,138,01-30-17-Monday,141,0.84877921314
13,13,01-27-17-Friday,138,11-30-16-Wednesday,80,0.84499716081
13,4,01-27-17-Friday,138,10-17-16-Monday,36,0.843484180024
13,4,01-27-17-Friday,138,01-06-17-Friday,117,0.842567723136
13,4,01-27-17-Friday,138,11-08-16-Tuesday,58,0.841339635073
13,13,01-27-17-Friday,138,11-07-16-Monday,57,0.839459765712
13,13,01-27-17-Friday,138,10-27-16-Thursday,46,0.836975993644
13,13,01-28-17-Saturday,139,01-28-17-Saturday,139,1.0
13,64,01-28-17-Saturday,139,12-03-16-Saturday,83,0.999655008657
13,58,01-28-17-Saturday,139,10-09-16-Sunday,28,0.999632701246
13,52,01-28-17-Saturday,139,02-06-17-Monday,148,0.999619516395
13,7,01-28-17-Saturday,139,11-10-16-Thursday,60,0.999611124018
13,19,01-28-17-Saturday,139,12-03-16-Saturday,83,0.999610766083
13,61,01-28-17-Saturday,139,10-15-16-Saturday,34,0.999610545728
13,49,01-28-17-Saturday,139,10-22-16-Saturday,41,0.999609867342
13,34,01-28-17-Saturday,139,02-04-17-Saturday,146,0.999607992149
13,6,01-28-17-Saturday,139,12-24-16-Saturday,104,0.99960687437
13,23,01-28-17-Saturday,139,01-04-17-Wednesday,115,0.999606713585
13,13,01-29-17-Sunday,140,01-29-17-Sunday,140,1.0
13,66,01-29-17-Sunday,140,01-29-17-Sunday,140,0.999513360353
13,37,01-29-17-Sunday,140,01-29-17-Sunday,140,0.999499536571
13,43,01-29-17-Sunday,140,01-29-17-Sunday,140,0.999495928049
13,10,01-29-17-Sunday,140,01-29-17-Sunday,140,0.999484436974
13,65,01-29-17-Sunday,140,01-29-17-Sunday,140,0.999478889097
13,39,01-29-17-Sunday,140,01-29-17-Sunday,140,0.999466433809
13,6,01-29-17-Sunday,140,01-29-17-Sunday,140,0.999447470742
13,23,01-29-17-Sunday,140,01-29-17-Sunday,140,0.999444615252
13,51,01-29-17-Sunday,140,01-29-17-Sunday,140,0.999438650754
13,68,01-29-17-Sunday,140,01-29-17-Sunday,140,0.99939060483
13,13,01-30-17-Monday,141,01-30-17-Monday,141,1.0
13,4,01-30-17-Monday,141,01-12-17-Thursday,123,0.823599733498
13,4,01-30-17-Monday,141,01-13-17-Friday,124,0.810989875686
13,6,01-30-17-Monday,141,10-21-16-Friday,40,0.776093703328
13,22,01-30-17-Monday,141,02-01-17-Wednesday,143,0.768210861786
13,54,01-30-17-Monday,141,01-20-17-Friday,131,0.763803043571
13,43,01-30-17-Monday,141,01-18-17-Wednesday,129,0.759663805415
13,5,01-30-17-Monday,141,10-19-16-Wednesday,38,0.757251789681
13,66,01-30-17-Monday,141,01-13-17-Friday,124,0.756067108013
13,13,01-30-17-Monday,141,11-10-16-Thursday,60,0.753976145727
13,31,01-30-17-Monday,141,01-25-17-Wednesday,136,0.744558372625
13,13,01-31-17-Tuesday,142,01-31-17-Tuesday,142,1.0
13,28,01-31-17-Tuesday,142,01-13-17-Friday,124,0.862304212073
13,44,01-31-17-Tuesday,142,11-15-16-Tuesday,65,0.854240275704
13,13,01-31-17-Tuesday,142,09-20-16-Tuesday,9,0.848945019565
13,4,01-31-17-Tuesday,142,10-19-16-Wednesday,38,0.841079646901
13,44,01-31-17-Tuesday,142,12-20-16-Tuesday,100,0.840279069615
13,13,01-31-17-Tuesday,142,11-09-16-Wednesday,59,0.831424095911
13,26,01-31-17-Tuesday,142,09-27-16-Tuesday,16,0.826325999042
13,56,01-31-17-Tuesday,142,11-29-16-Tuesday,79,0.82399532541
13,13,01-31-17-Tuesday,142,11-07-16-Monday,57,0.823334847465
13,28,01-31-17-Tuesday,142,12-23-16-Friday,103,0.819007483952
13,13,02-01-17-Wednesday,143,02-01-17-Wednesday,143,1.0
13,13,02-01-17-Wednesday,143,12-02-16-Friday,82,0.852201925351
13,28,02-01-17-Wednesday,143,10-12-16-Wednesday,31,0.79284934924
13,44,02-01-17-Wednesday,143,02-07-17-Tuesday,149,0.791693262615
13,26,02-01-17-Wednesday,143,10-24-16-Monday,43,0.78766570704
13,28,02-01-17-Wednesday,143,01-13-17-Friday,124,0.786835796052
13,28,02-01-17-Wednesday,143,11-18-16-Friday,68,0.777739952157
13,4,02-01-17-Wednesday,143,01-19-17-Thursday,130,0.776587037481
13,13,02-01-17-Wednesday,143,11-30-16-Wednesday,80,0.77508775729
13,28,02-01-17-Wednesday,143,10-19-16-Wednesday,38,0.775016028172
13,4,02-01-17-Wednesday,143,01-06-17-Friday,117,0.773809265421
13,13,02-02-17-Thursday,144,02-02-17-Thursday,144,1.0
13,13,02-02-17-Thursday,144,10-17-16-Monday,36,0.818141166628
13,13,02-02-17-Thursday,144,09-26-16-Monday,15,0.810801485584
13,28,02-02-17-Thursday,144,10-27-16-Thursday,46,0.810006043637
13,13,02-02-17-Thursday,144,10-25-16-Tuesday,44,0.782590548974
13,13,02-02-17-Thursday,144,10-20-16-Thursday,39,0.782180221124
13,28,02-02-17-Thursday,144,01-04-17-Wednesday,115,0.782141839428
13,28,02-02-17-Thursday,144,11-03-16-Thursday,53,0.778008275495
13,13,02-02-17-Thursday,144,02-09-17-Thursday,151,0.769694247191
13,13,02-02-17-Thursday,144,11-07-16-Monday,57,0.766047809239
13,13,02-02-17-Thursday,144,09-29-16-Thursday,18,0.763473308401
13,13,02-03-17-Friday,145,02-03-17-Friday,145,1.0
13,13,02-03-17-Friday,145,12-06-16-Tuesday,86,0.821467292513
13,20,02-03-17-Friday,145,11-01-16-Tuesday,51,0.802838417954
13,30,02-03-17-Friday,145,09-22-16-Thursday,11,0.733849387106
13,4,02-03-17-Friday,145,11-10-16-Thursday,60,0.724568932597
13,46,02-03-17-Friday,145,01-07-17-Saturday,118,0.718108311563
13,69,02-03-17-Friday,145,12-24-16-Saturday,104,0.707859217573
13,41,02-03-17-Friday,145,09-28-16-Wednesday,17,0.700055707428
13,13,02-03-17-Friday,145,11-23-16-Wednesday,73,0.690833165981
13,4,02-03-17-Friday,145,09-21-16-Wednesday,10,0.683201496597
13,20,02-03-17-Friday,145,10-24-16-Monday,43,0.674201002259
13,13,02-04-17-Saturday,146,02-04-17-Saturday,146,1.0
13,54,02-04-17-Saturday,146,10-22-16-Saturday,41,0.998365062277
13,33,02-04-17-Saturday,146,10-22-16-Saturday,41,0.998154116417
13,37,02-04-17-Saturday,146,01-31-17-Tuesday,142,0.998126161526
13,56,02-04-17-Saturday,146,11-04-16-Friday,54,0.998043142322
13,13,02-04-17-Saturday,146,09-25-16-Sunday,14,0.997990191409
13,56,02-04-17-Saturday,146,10-15-16-Saturday,34,0.99797810882
13,56,02-04-17-Saturday,146,10-14-16-Friday,33,0.997952676833
13,21,02-04-17-Saturday,146,12-03-16-Saturday,83,0.997928888423
13,26,02-04-17-Saturday,146,10-16-16-Sunday,35,0.9978756064
13,61,02-04-17-Saturday,146,11-12-16-Saturday,62,0.997785936793
13,13,02-05-17-Sunday,147,02-05-17-Sunday,147,1.0
13,22,02-05-17-Sunday,147,02-05-17-Sunday,147,0.999595543724
13,23,02-05-17-Sunday,147,02-05-17-Sunday,147,0.999575083167
13,52,02-05-17-Sunday,147,02-05-17-Sunday,147,0.999555332497
13,37,02-05-17-Sunday,147,02-05-17-Sunday,147,0.999548708689
13,6,02-05-17-Sunday,147,02-05-17-Sunday,147,0.999535838886
13,18,02-05-17-Sunday,147,02-05-17-Sunday,147,0.999507819503
13,43,02-05-17-Sunday,147,02-05-17-Sunday,147,0.999503410111
13,10,02-05-17-Sunday,147,02-05-17-Sunday,147,0.999471870662
13,51,02-05-17-Sunday,147,02-05-17-Sunday,147,0.999471557667
13,66,02-05-17-Sunday,147,02-05-17-Sunday,147,0.999454471838
13,13,02-06-17-Monday,148,02-06-17-Monday,148,1.0
13,4,02-06-17-Monday,148,01-06-17-Friday,117,0.89822885395
13,28,02-06-17-Monday,148,10-19-16-Wednesday,38,0.896036742861
13,13,02-06-17-Monday,148,11-22-16-Tuesday,72,0.87950401835
13,44,02-06-17-Monday,148,10-14-16-Friday,33,0.879428358611
13,28,02-06-17-Monday,148,01-17-17-Tuesday,128,0.878409586
13,13,02-06-17-Monday,148,11-09-16-Wednesday,59,0.877604904533
13,44,02-06-17-Monday,148,10-17-16-Monday,36,0.875476457855
13,13,02-06-17-Monday,148,11-07-16-Monday,57,0.873467896592
13,4,02-06-17-Monday,148,11-08-16-Tuesday,58,0.873274193867
13,44,02-06-17-Monday,148,01-11-17-Wednesday,122,0.872026897164
13,13,02-07-17-Tuesday,149,02-07-17-Tuesday,149,1.0
13,4,02-07-17-Tuesday,149,11-21-16-Monday,71,0.849227818253
13,28,02-07-17-Tuesday,149,10-17-16-Monday,36,0.842719766548
13,13,02-07-17-Tuesday,149,11-30-16-Wednesday,80,0.82945727775
13,28,02-07-17-Tuesday,149,10-31-16-Monday,50,0.828072804915
13,4,02-07-17-Tuesday,149,10-14-16-Friday,33,0.826406142988
13,44,02-07-17-Tuesday,149,01-12-17-Thursday,123,0.82216255819
13,13,02-07-17-Tuesday,149,12-02-16-Friday,82,0.820293797541
13,4,02-07-17-Tuesday,149,09-30-16-Friday,19,0.81873986433
13,44,02-07-17-Tuesday,149,09-21-16-Wednesday,10,0.818501038886
13,13,02-07-17-Tuesday,149,11-22-16-Tuesday,72,0.817773689484
13,13,02-08-17-Wednesday,150,02-08-17-Wednesday,150,1.0
13,28,02-08-17-Wednesday,150,10-17-16-Monday,36,0.86059149565
13,13,02-08-17-Wednesday,150,02-09-17-Thursday,151,0.836492508661
13,28,02-08-17-Wednesday,150,12-23-16-Friday,103,0.829523129863
13,26,02-08-17-Wednesday,150,12-09-16-Friday,89,0.828363905971
13,4,02-08-17-Wednesday,150,11-18-16-Friday,68,0.826983638441
13,4,02-08-17-Wednesday,150,09-20-16-Tuesday,9,0.826450092433
13,28,02-08-17-Wednesday,150,11-18-16-Friday,68,0.826380656698
13,13,02-08-17-Wednesday,150,11-10-16-Thursday,60,0.821411051466
13,36,02-08-17-Wednesday,150,11-09-16-Wednesday,59,0.820067565712
13,13,02-08-17-Wednesday,150,11-30-16-Wednesday,80,0.818138990466
13,13,02-09-17-Thursday,151,02-09-17-Thursday,151,1.0
13,13,02-09-17-Thursday,151,11-09-16-Wednesday,59,0.890430932283
13,28,02-09-17-Thursday,151,01-04-17-Wednesday,115,0.888752834064
13,28,02-09-17-Thursday,151,10-31-16-Monday,50,0.886744904759
13,28,02-09-17-Thursday,151,09-29-16-Thursday,18,0.8830142798
13,44,02-09-17-Thursday,151,01-13-17-Friday,124,0.881473016584
13,44,02-09-17-Thursday,151,01-12-17-Thursday,123,0.881249526276
13,44,02-09-17-Thursday,151,09-20-16-Tuesday,9,0.87891050643
13,44,02-09-17-Thursday,151,09-21-16-Wednesday,10,0.87848942486
13,44,02-09-17-Thursday,151,11-16-16-Wednesday,66,0.872900093746
13,28,02-09-17-Thursday,151,10-17-16-Monday,36,0.869477651857
13,13,02-10-17-Friday,152,02-10-17-Friday,152,1.0
13,42,02-10-17-Friday,152,12-03-16-Saturday,83,0.997942992775
13,34,02-10-17-Friday,152,12-03-16-Saturday,83,0.993759055383
13,36,02-10-17-Friday,152,11-05-16-Saturday,55,0.989693306697
13,36,02-10-17-Friday,152,10-22-16-Saturday,41,0.987633687054
13,2,02-10-17-Friday,152,11-26-16-Saturday,76,0.985639392878
13,2,02-10-17-Friday,152,12-13-16-Tuesday,93,0.985001129874
13,42,02-10-17-Friday,152,10-10-16-Monday,29,0.984849668691
13,16,02-10-17-Friday,152,12-27-16-Tuesday,107,0.984769439548
13,67,02-10-17-Friday,152,12-27-16-Tuesday,107,0.984746110799
13,39,02-10-17-Friday,152,10-22-16-Saturday,41,0.984730014501
13,13,02-11-17-Saturday,153,02-11-17-Saturday,153,1.0
13,9,02-11-17-Saturday,153,10-16-16-Sunday,35,0.999668592542
13,27,02-11-17-Saturday,153,09-27-16-Tuesday,16,0.999646679635
13,22,02-11-17-Saturday,153,11-26-16-Saturday,76,0.999645382306
13,34,02-11-17-Saturday,153,12-27-16-Tuesday,107,0.999638634948
13,15,02-11-17-Saturday,153,10-28-16-Friday,47,0.999637318697
13,61,02-11-17-Saturday,153,10-22-16-Saturday,41,0.999634519659
13,56,02-11-17-Saturday,153,10-23-16-Sunday,42,0.999632987259
13,11,02-11-17-Saturday,153,12-29-16-Thursday,109,0.99962817363
13,22,02-11-17-Saturday,153,10-02-16-Sunday,21,0.999627166108
13,23,02-11-17-Saturday,153,02-11-17-Saturday,153,0.999626301326
13,13,02-12-17-Sunday,154,02-12-17-Sunday,154,1.0
13,39,02-12-17-Sunday,154,02-12-17-Sunday,154,0.999560108062
13,51,02-12-17-Sunday,154,02-12-17-Sunday,154,0.999540581897
13,37,02-12-17-Sunday,154,02-12-17-Sunday,154,0.999520546289
13,6,02-12-17-Sunday,154,02-12-17-Sunday,154,0.999516173891
13,4,02-12-17-Sunday,154,02-12-17-Sunday,154,0.999514908923
13,65,02-12-17-Sunday,154,02-12-17-Sunday,154,0.999514843297
13,22,02-12-17-Sunday,154,02-12-17-Sunday,154,0.999514810945
13,7,02-12-17-Sunday,154,02-12-17-Sunday,154,0.99950853468
13,44,02-12-17-Sunday,154,02-12-17-Sunday,154,0.999502848152
13,43,02-12-17-Sunday,154,02-12-17-Sunday,154,0.999498821017
13,13,02-13-17-Monday,155,02-13-17-Monday,155,1.0
13,13,02-13-17-Monday,155,10-12-16-Wednesday,31,0.854752798232
13,13,02-13-17-Monday,155,09-20-16-Tuesday,9,0.850777227187
13,28,02-13-17-Monday,155,12-23-16-Friday,103,0.849706042238
13,5,02-13-17-Monday,155,11-03-16-Thursday,53,0.846574277381
13,44,02-13-17-Monday,155,12-22-16-Thursday,102,0.8441447737
13,18,02-13-17-Monday,155,12-23-16-Friday,103,0.832755400804
13,26,02-13-17-Monday,155,01-31-17-Tuesday,142,0.832025027996
13,44,02-13-17-Monday,155,01-04-17-Wednesday,115,0.832010810679
13,26,02-13-17-Monday,155,09-30-16-Friday,19,0.830851429165
13,4,02-13-17-Monday,155,10-19-16-Wednesday,38,0.826253916474
